Titolo;Ticker;Mercato;Settore;Classe;Valuta;Prezzo;Capitalizzazione mln valuta locale;Capitalizzazione mln EUR;Prezzo EUR;EPS TTM;EPS 2026E;P/E;P/B;ROE implicito;ROE 1 anno;ROE 5 anni;Variabilita ROE;Esercizi ROE;Dividendo;Rendimento;Debito su mezzi propri;Crescita ricavi;Margine netto;Giudizio;Motivo;Rilevazione;Fonte;Grafico;Note
3M;MMM;USA;Conglomerata industriale;IND;USD;162,49;83799,7;74782,847859;145,006067;5,63;9,82963;28,861456;28,387493;0,983578;0,81892;0,178646;0,974849;4;3,12;0,019201;437,937;0,025;0,12013;SCARTA;P/E troppo alto (28.9);2026-10-05;yahoo;https://www.tradingview.com/symbols/MMM/;
A2A;A2A.MI;Italia;Utility;UTI;EUR;2,224;6957,6;6957,6;2,224;0,22;0,21117;10,109091;1,338147;0,132371;0,11337;0,135288;0,022164;4;0,1;0,044964;113,764;0,314;0,050004;SCARTA;ROE al 11.3%, sotto la soglia;2026-10-05;yahoo;https://www.tradingview.com/symbols/MIL-A2A/;
ABB;ABBN.SW;Svizzera;Automazione / Elettrificazione;IND;CHF;81,7;147847,1;158624,015621;87,655301;2,18;2,979238;37,477064;11,180962;0,298341;0,32575;0,260039;0,039075;4;0,94;0,011506;55,751;0,142;0,149699;SCARTA;P/E troppo alto (37.5);2026-10-05;yahoo;https://www.tradingview.com/symbols/SIX-ABBN/;
ABN AMRO;ABN.AS;Paesi Bassi;Banca;FIN;EUR;42,35;34512,5;34512,5;42,35;2,78;3,74297;15,233813;1,262521;0,082876;0,0912;0,092194;0,011867;4;1,38;0,032586;;0,118;0,261681;SCARTA;ROE al 9.1%, sotto la soglia;2026-10-05;yahoo;https://www.tradingview.com/symbols/EURONEXT-ABN/;
ASM International;ASM.AS;Paesi Bassi;Apparecchiature semicond.;TEC;EUR;947,8;46268,8;46268,8;947,8;21,86;31,01449;43,357731;10,438211;0,240746;0,26798;0,184563;0,03249;4;3,25;0,003429;1,585;0,2;0,338491;SCARTA;P/E troppo alto (43.4);2026-10-05;yahoo;https://www.tradingview.com/symbols/EURONEXT-ASM/;
ASML Holding;ASML.AS;Paesi Bassi;Apparecchiature semicond.;TEC;EUR;1656,2;636146,4;636146,4;1656,2;26,41;51,73187;62,711094;29,147161;0,464785;0,53942;0,530203;0,087418;4;7,78;0,004698;9,092;0,213;0,325659;SCARTA;P/E troppo alto (62.7);2026-10-05;yahoo;https://www.tradingview.com/symbols/EURONEXT-ASML/;
AXA;CS.PA;Francia;Assicurazione;FIN;EUR;42,15;88134;88134;42,15;3,71;4,48165;11,361186;1,908017;0,167942;0,14881;0,15511;0,035083;4;2,32;0,055042;119,437;0,045;0,072259;SCARTA;ROE al 14.9%, sotto la soglia;2026-10-05;yahoo;https://www.tradingview.com/symbols/EURONEXT-CS/;
AbbVie;ABBV;USA;Farmaceutica;SAL;USD;263,715;466015,3;415872,029134;235,339252;3,54;16,25892;74,495763;-78,50997;-1,053885;1,286617;0,814001;0,345689;3;6,92;0,02624;;0,102;0,102518;SCARTA;P/E troppo alto (74.5);2026-10-05;yahoo;https://www.tradingview.com/symbols/ABBV/;
Abbott Laboratories;ABT;USA;Dispositivi medicali;SAL;USD;100,4;174878;156061,117974;89,596955;3,1;6,06545;32,387097;3,399126;0,104953;0,10576;0,18589;0,059572;4;2,52;0,0251;63,212;0,13;0,121842;SCARTA;ROE al 10.6%, sotto la soglia;2026-10-05;yahoo;https://www.tradingview.com/symbols/ABT/;
Accenture;ACN;USA;Consulenza IT;TEC;USD;194,903;119269,3;106435,917028;173,931427;12,52;15,95211;15,567332;3,679845;0,236383;0,26025;0,270374;0,02469;4;6,52;0,033453;40,283;0,062;0,12009;PASSA;ROE solido, P/E 15.6 nella fascia accettabile;2026-10-05;yahoo;https://www.tradingview.com/symbols/ACN/;
Acea;ACE.MI;Italia;Utility;UTI;EUR;19,96;4242,5;4242,5;19,96;1,7;1,58975;11,741176;1,42368;0,121255;0,12431;0,137727;0,020636;4;0,95;0,047595;169,549;0,063;0,131348;SCARTA;ROE al 12.4%, sotto la soglia;2026-10-05;yahoo;https://www.tradingview.com/symbols/MIL-ACE/;
Adidas;ADS.DE;Germania;Abbigliamento sportivo;CON;EUR;142,3;24911,4;24911,4;142,3;7,8;11,59953;18,24359;4,182588;0,229263;0,24324;0,119439;0,08878;4;2,8;0,019677;94,127;0,133;0,055661;SCARTA;ROE al 11.9%, sotto la soglia;2026-10-05;yahoo;https://www.tradingview.com/symbols/XETR-ADS/;
Adobe;ADBE;USA;Software;TEC;USD;236,41;92010,8;82110,433066;210,972272;17,91;27,67328;13,199888;7,857547;0,595274;0,61902;0,418679;0,11519;4;;;57,693;0,129;0,30645;PASSA FORTE;ROE 61.9% / 41.9% con P/E 13.2;2026-10-05;yahoo;https://www.tradingview.com/symbols/ADBE/;
Advanced Micro Devices;AMD;USA;Semiconduttori;TEC;USD;631,21;1030434,6;919559,782676;563,291771;3,92;15,63089;161,022959;15,323978;0,095166;0,10196;0,034176;0,020556;4;;;6,361;0,501;0,186755;SCARTA;ROE al 3.4%, sotto la soglia;2026-10-05;yahoo;https://www.tradingview.com/symbols/AMD/;
Adyen;ADYEN.AS;Paesi Bassi;Pagamenti;TEC;EUR;862,5;27226,3;27226,3;862,5;35,58;46,82129;24,241147;4,607766;0,19008;0,21271;0,218697;0,011616;4;;;6,928;0,189;0,425262;SCARTA;P/E troppo alto (24.2);2026-10-05;yahoo;https://www.tradingview.com/symbols/EURONEXT-ADYEN/;
Aegon;AGN.AS;Paesi Bassi;Assicurazione vita;FIN;EUR;7,616;11271,6;11271,6;7,616;0,59;0,92522;12,908475;1,268488;0,098268;0,11069;0,026685;0,064629;4;0,42;0,055147;42,673;-0,082;0,036108;SCARTA;ROE al 2.7%, sotto la soglia;2026-10-05;yahoo;https://www.tradingview.com/symbols/EURONEXT-AGN/;
Ahold Delhaize;AD.AS;Paesi Bassi;Grande distribuzione;CON;EUR;31,46;27488,6;27488,6;31,46;2,52;2,92582;12,484127;1,902976;0,152432;0,15676;0,141479;0,021489;4;1,24;0,039415;133,34;0,003;0,024233;SCARTA;ROE al 14.1%, sotto la soglia;2026-10-05;yahoo;https://www.tradingview.com/symbols/EURONEXT-AD/;
Air Liquide;AI.PA;Francia;Gas industriali;MAT;EUR;170,76;108972,9;108972,9;170,76;5,55;7,16427;30,767568;4,098601;0,133212;0,13967;0,125017;0,006475;4;3,36;0,019677;63,307;0,008;0,13138;SCARTA;ROE al 12.5%, sotto la soglia;2026-10-05;yahoo;https://www.tradingview.com/symbols/EURONEXT-AI/;
Air Products;APD;USA;Gas industriali;MAT;USD;282,115;62822,9;56063,152646;251,759411;-0,21;14,43686;;4,524917;;0,00023;0,132701;0,094912;4;7,24;0,025663;110,091;0,046;-0,003929;DA COMPLETARE;manca il P/E (EPS assente o negativo);2026-10-05;yahoo;https://www.tradingview.com/symbols/APD/;
Airbnb;ABNB;USA;Viaggi / Piattaforme;CON;USD;164,18;98308,6;87730,589453;146,514223;4,39;6,19194;37,398633;12,420001;0,332098;0,34542;0,387102;0,116036;4;;;32,004;0,165;0,219835;SCARTA;P/E troppo alto (37.4);2026-10-05;yahoo;https://www.tradingview.com/symbols/ABNB/;
Airbus;AIR.PA;Francia;Aerospazio;IND;EUR;189,08;149653,1;149653,1;189,08;7,51;8,71189;25,177097;5,783855;0,229727;0,23193;0,239485;0,051446;4;3,2;0,016924;54,988;0,277;0,080891;SCARTA;P/E troppo alto (25.2);2026-10-05;yahoo;https://www.tradingview.com/symbols/EURONEXT-AIR/;
Akzo Nobel;AKZA.AS;Paesi Bassi;Vernici;MAT;EUR;57,72;9893,2;9893,2;57,72;3,71;4,27869;15,557951;2,038568;0,131031;0,14143;0,109574;0,02031;4;1,98;0,034304;130,976;-0,014;0,062808;SCARTA;ROE al 11.0%, sotto la soglia;2026-10-05;yahoo;https://www.tradingview.com/symbols/EURONEXT-AKZA/;
Alcon;ALC.SW;Svizzera;Oftalmologia;SAL;CHF;53,08;25658,9;27529,236315;56,949123;1,05;3,650028;50,552381;1,424449;0,028178;0,02941;0,039011;0,012743;4;0,28;0,005275;24,537;0,087;0,061821;SCARTA;ROE al 2.9%, sotto la soglia;2026-10-05;yahoo;https://www.tradingview.com/symbols/SIX-ALC/;
Allianz;ALV.DE;Germania;Assicurazione;FIN;EUR;419,2;158996,8;158996,8;419,2;30,5;33,35562;13,744262;2,520291;0,18337;0,19612;0,150293;0,020776;4;17,1;0,040792;50,648;0,121;0,084482;PASSA FORTE;ROE 19.6% / 15.0% con P/E 13.7;2026-10-05;yahoo;https://www.tradingview.com/symbols/XETR-ALV/;
Alphabet;GOOGL;USA;Internet / Cloud;TEC;USD;345,2899;4222873;3768491,642407;308,136689;19,93;15,07154;17,325133;6,784224;0,391583;0,48676;0,2802;0,034406;4;0,88;0,002549;18,859;0,242;0,606001;PASSA;ROE solido, P/E 17.3 nella fascia accettabile;2026-10-05;yahoo;https://www.tradingview.com/symbols/GOOGL/;
Altria Group;MO;USA;Tabacco;CON;USD;67,87;113325,5;101131,670221;60,567184;4,75;5,86403;14,288421;-42,47184;-2,972466;;;;0;4,44;0,065419;;0,012;0,394856;DA COMPLETARE;manca il ROE;2026-10-05;yahoo;https://www.tradingview.com/symbols/MO/;
Amazon;AMZN;USA;E-commerce / Cloud;TEC;USD;252,29;2721278,9;2428469,146789;225,143583;12,43;10,47571;20,296862;4,931777;0,242982;0,30558;0,132051;0,089355;4;;;45,617;0,196;0,188696;SCARTA;ROE al 13.2%, sotto la soglia;2026-10-05;yahoo;https://www.tradingview.com/symbols/AMZN/;
American Electric Power;AEP;USA;Utility;UTI;USD;120,33;65507,3;58458,711064;107,382486;5,77;6,85684;20,854419;2,041949;0,097914;0,10131;0,102277;0,010896;4;3,8;0,03158;160,789;0,07;0,143582;SCARTA;ROE al 10.1%, sotto la soglia;2026-10-05;yahoo;https://www.tradingview.com/symbols/AEP/;
American Express;AXP;USA;Pagamenti / Credito;FIN;USD;303,365;204865,4;182821,872152;270,72291;16,48;20,16342;18,40807;5,973516;0,324505;0,34377;0,315213;0,014617;4;3,8;0,012526;172,38;0,128;0,156597;PASSA;ROE solido, P/E 18.4 nella fascia accettabile;2026-10-05;yahoo;https://www.tradingview.com/symbols/AXP/;
American International Group;AIG;USA;Assicurazione;FIN;USD;75,255;39350,3;35116,205644;67,157558;5,46;8,80838;13,782967;0,972463;0,070555;0,0722;0,093047;0,101102;4;2;0,026576;22,466;0,005;0,110742;SCARTA;ROE al 7.2%, sotto la soglia;2026-10-05;yahoo;https://www.tradingview.com/symbols/AIG/;
American Tower;AMT;USA;REIT / Torri;IMM;USD;161,61;75303,8;67201,107147;144,220755;7,27;7,01004;22,229711;20,24427;0,910685;0,33914;0,507367;0,172988;4;7,16;0,044304;438,721;0,047;0,319505;SCARTA;P/E troppo alto (22.2);2026-10-05;yahoo;https://www.tradingview.com/symbols/AMT/;
Amgen;AMGN;USA;Biotecnologie;SAL;USD;403,1;217928,8;194479,649622;359,726419;16,1;24,44897;25,037267;18,644773;0,744681;0,91473;1,113513;0,413074;4;10,08;0,025006;490,281;0,095;0,237898;SCARTA;P/E troppo alto (25.0);2026-10-05;yahoo;https://www.tradingview.com/symbols/AMGN/;
Amplifon;AMP.MI;Italia;Dispositivi medicali;SAL;EUR;12,085;3211,6;3211,6;12,085;0,31;0,87999;38,983871;2,121664;0,054424;0,05737;0,132683;0,028904;4;0,29;0,023997;117,681;0,022;0,030174;SCARTA;ROE al 5.7%, sotto la soglia;2026-10-05;yahoo;https://www.tradingview.com/symbols/MIL-AMP/;
Analog Devices;ADI;USA;Semiconduttori;TEC;USD;416,02;201588,9;179897,923724;371,256226;8,42;16,34812;49,408551;6,008463;0,121608;0,12227;0,070527;0,016789;4;4,4;0,010576;27,314;0,396;0,375237;SCARTA;ROE al 7.1%, sotto la soglia;2026-10-05;yahoo;https://www.tradingview.com/symbols/ADI/;
Apple;AAPL;USA;Hardware / Consumer tech;TEC;USD;334,69;4884526;4358950,744699;298,677338;8,72;9,58285;38,381881;45,474186;1,184783;1,48751;1,673853;0,176754;4;1,08;0,003227;78,445;0,164;0,309808;SCARTA;P/E troppo alto (38.4);2026-10-05;yahoo;https://www.tradingview.com/symbols/AAPL/;
Applied Materials;AMAT;USA;Apparecchiature semicond.;TEC;USD;535,58;425034,9;379301,122336;477,951564;11,59;18,4658;46,210526;16,586046;0,358924;0,41068;0,418739;0,072442;4;2,12;0,003958;28,666;0,248;0,326671;SCARTA;P/E troppo alto (46.2);2026-10-05;yahoo;https://www.tradingview.com/symbols/AMAT/;
ArcelorMittal;MT.AS;Paesi Bassi;Acciaio;MAT;EUR;57,6;43340,6;43340,6;57,6;2,03;6,66194;28,374384;0,891785;0,031429;0,03284;0,069278;0,062867;4;0,53;0,009201;25,379;0,052;0,029534;SCARTA;ROE al 3.3%, sotto la soglia;2026-10-05;yahoo;https://www.tradingview.com/symbols/EURONEXT-MT/;
Arista Networks;ANET;USA;Reti;TEC;USD;207,13;261237,5;233128,331217;184,842801;3,17;5,20199;65,340694;17,653627;0,270178;0,31476;0,28379;0,004466;4;;;;0,377;0,449116;SCARTA;P/E troppo alto (65.3);2026-10-05;yahoo;https://www.tradingview.com/symbols/ANET/;
Assicurazioni Generali;G.MI;Italia;Assicurazione;FIN;EUR;41,94;63181,4;63181,4;41,94;2,95;3,40268;14,216949;1,975413;0,138948;0,1514;0,116467;0,019052;4;1,64;0,039103;118,93;0,054;0,061052;SCARTA;ROE al 11.6%, sotto la soglia;2026-10-05;yahoo;https://www.tradingview.com/symbols/MIL-G/;
Azimut Holding;AZM.MI;Italia;Risparmio gestito;FIN;EUR;37,6;5279,7;5279,7;37,6;3,72;3,64561;10,107527;2,700567;0,267184;0,29348;0,280965;0,015353;4;2;0,053191;4,261;0,17;0,374914;PASSA FORTE;ROE 29.3% / 28.1% con P/E 10.1;2026-10-05;yahoo;https://www.tradingview.com/symbols/MIL-AZM/;
BASF;BAS.DE;Germania;Chimica di base;MAT;EUR;50,24;44428,5;44428,5;50,24;2,4;2,96209;20,933333;1,199561;0,057304;0,06116;0,018942;0,025322;4;2,25;0,044785;71,358;0,164;0,035051;SCARTA;ROE al 1.9%, sotto la soglia;2026-10-05;yahoo;https://www.tradingview.com/symbols/XETR-BAS/;
BB Biotech;BION.SW;Italia;Veicolo biotech;VEI;CHF;49,55;2732,6;2931,785507;53,161814;24,55;-0,65777;2,01833;0,885929;0,438942;0,54764;0,004778;0,13224;4;2,25;0,045409;;1162,577;2,298261;SCARTA;ROE al 0.5%, sotto la soglia;2026-10-05;yahoo;https://www.tradingview.com/symbols/SIX-BION/;Quotata Zurigo/Xetra, NAV-driven: ROE poco significativo
BE Semiconductor;BESI.AS;Paesi Bassi;Apparecchiature semicond.;TEC;EUR;203;16063,2;16063,2;203;2,62;6,58916;77,480916;28,619766;0,369378;0,44873;0,370573;0,037532;4;1,58;0,007783;62,453;0,687;0,352875;SCARTA;P/E troppo alto (77.5);2026-10-05;yahoo;https://www.tradingview.com/symbols/EURONEXT-BESI/;
BMW;BMW.DE;Germania;Auto;CON;EUR;54,22;32454,8;32454,8;54,22;10,39;8,7486;5,218479;0,340546;0,065258;0,06592;0,12178;0,052456;4;4,4;0,081151;119,855;-0,079;0,04723;SCARTA;ROE al 6.6%, sotto la soglia;2026-10-05;yahoo;https://www.tradingview.com/symbols/XETR-BMW/;
BNP Paribas;BNP.PA;Francia;Banca;FIN;EUR;92,76;101665;101665;92,76;11,23;13,29371;8,260018;0,846505;0,102482;0,10477;0,089634;0,005795;4;5,8;0,062527;;0,169;0,185556;SCARTA;ROE al 9.0%, sotto la soglia;2026-10-05;yahoo;https://www.tradingview.com/symbols/EURONEXT-BNP/;
BPER Banca;BPE.MI;Italia;Banca;FIN;EUR;13,816;28939,8;28939,8;13,816;1,12;1,29905;12,335714;1,599815;0,12969;0,15279;0,144509;0,029166;4;0,66;0,047771;;0,54;0,314261;SCARTA;ROE al 14.5%, sotto la soglia;2026-10-05;yahoo;https://www.tradingview.com/symbols/MIL-BPE/;
Banca Generali;BGN.MI;Italia;Risparmio gestito;FIN;EUR;61,55;7021,8;7021,8;61,55;4,6;3,84504;13,380435;4,995536;0,373346;0,36488;0,261884;0,037247;4;2,85;0,046304;;0,464;0,448006;PASSA FORTE;ROE 36.5% / 26.2% con P/E 13.4;2026-10-05;yahoo;https://www.tradingview.com/symbols/MIL-BGN/;
Banca Ifis;IF.MI;Italia;Banca;FIN;EUR;11;671,9;671,9;11;4,22;1,99664;2,606635;0,327761;0,125741;0,12864;0,108084;0,02703;4;2,12;0,192727;;-0,253;0,346758;SCARTA;ROE al 10.8%, sotto la soglia;2026-10-05;yahoo;https://www.tradingview.com/symbols/MIL-IF/;
Banca Mediolanum;BMED.MI;Italia;Banca;FIN;EUR;23,49;17366,5;17366,5;23,49;1,77;1,57559;13,271186;3,800356;0,286361;0,30062;0,240844;0,042851;4;1,3;0,055343;;0,29;0,539297;PASSA FORTE;ROE 30.1% / 24.1% con P/E 13.3;2026-10-05;yahoo;https://www.tradingview.com/symbols/MIL-BMED/;
Banca Monte dei Paschi;BMPS.MI;Italia;Banca;FIN;EUR;11,368;34540,7;34540,7;11,368;1,19;0,89188;9,552941;1,30817;0,136939;0,15022;0,111879;0,086897;4;0,86;0,075651;;0,995;0,588041;SCARTA;ROE al 11.2%, sotto la soglia;2026-10-05;yahoo;https://www.tradingview.com/symbols/MIL-BMPS/;
Banca Profilo;PRO.MI;Italia;Banca;FIN;EUR;1,518;100,3;100,3;1,518;0,13;0,158;11,676923;0,621367;0,053213;0,05441;0,065031;0,006357;4;0,07;0,046113;;-0,28;0,12795;SCARTA;ROE al 5.4%, sotto la soglia;2026-10-05;yahoo;https://www.tradingview.com/symbols/MIL-PRO/;
Banco BPM;BAMI.MI;Italia;Banca;FIN;EUR;15,27;22987,5;22987,5;15,27;1,27;1,42879;12,023622;1,471807;0,12241;0,12613;0,102121;0,03351;4;1;0,065488;;-0,055;0,290356;SCARTA;ROE al 10.2%, sotto la soglia;2026-10-05;yahoo;https://www.tradingview.com/symbols/MIL-BAMI/;
Banco Desio e Brianza;BDB.MI;Italia;Banca;FIN;EUR;17,26;2269,3;2269,3;17,26;1,02;;16,921569;1,51603;0,089592;0,09042;0,105773;0,041817;4;0,51;0,029548;;0,079;0,206149;SCARTA;ROE al 9.0%, sotto la soglia;2026-10-05;yahoo;https://www.tradingview.com/symbols/MIL-BDB/;
Bank of America;BAC;USA;Banca;FIN;USD;54,215;379111,9;338319,439559;48,381463;4,33;5,25787;12,520785;1,378044;0,110061;0,11199;0,095831;0,004887;4;1,28;0,02361;;0,168;0,284048;SCARTA;ROE al 9.6%, sotto la soglia;2026-10-05;yahoo;https://www.tradingview.com/symbols/BAC/;
Bayer;BAYN.DE;Germania;Farmaceutica / Agrochimica;SAL;EUR;43,96;43187,4;43187,4;43,96;-1,76;4,82607;;1,459835;;-0,0569;-0,050445;0,093697;4;0,11;0,002502;129,362;0,012;-0,038135;DA COMPLETARE;manca il P/E (EPS assente o negativo);2026-10-05;yahoo;https://www.tradingview.com/symbols/XETR-BAYN/;
Beiersdorf;BEI.DE;Germania;Cura della persona;CON;EUR;75,74;16551;16551;75,74;4,3;3,99155;17,613953;1,835187;0,104189;0,10887;0,100551;0,00842;4;1;0,013203;1,221;-0,045;0,095209;SCARTA;ROE al 10.1%, sotto la soglia;2026-10-05;yahoo;https://www.tradingview.com/symbols/XETR-BEI/;
Berkshire Hathaway B;BRK-B;USA;Conglomerata / Holding;FIN;USD;505,18;1081443,7;965080,300824;450,822605;39,93;21,6444;12,65164;0,000967;0,000076;0,1212;0,08844;0,083533;4;;;17,142;0,1;0,208924;SCARTA;ROE al 8.8%, sotto la soglia;2026-10-05;yahoo;https://www.tradingview.com/symbols/BRK.B/;
Biogen;BIIB;USA;Biotecnologie / CNS;SAL;USD;219,64;32452,7;28960,787768;196,006724;5,63;16,53585;39,012433;1,721182;0,044119;0,04575;0,118583;0,06359;4;;;44,329;0,034;0,084383;SCARTA;ROE al 4.6%, sotto la soglia;2026-10-05;yahoo;https://www.tradingview.com/symbols/BIIB/;
BlackRock;BLK;USA;Risparmio gestito;FIN;USD;1062,21;172583,8;154013,774015;947,916148;41,78;64,22243;25,423887;2,857677;0,112401;0,12278;0,127619;0,016442;4;22,92;0,021578;23,192;0,306;0,271556;SCARTA;ROE al 12.3%, sotto la soglia;2026-10-05;yahoo;https://www.tradingview.com/symbols/BLK/;
Blackstone;BX;USA;Private equity;FIN;USD;112,43;134387,3;119927,21943;100,332526;4,47;7,43638;25,152125;9,976928;0,396663;0,31374;0,279704;0,064228;4;5,23;0,046518;68,185;0,286;0,283564;SCARTA;P/E troppo alto (25.2);2026-10-05;yahoo;https://www.tradingview.com/symbols/BX/;
Boeing;BA;USA;Aerospazio;IND;USD;193,13;152532,6;136120,084193;172,349202;2,8;4,11294;68,975;25,029808;0,362882;1,73537;0,409791;;1;;;790,875;0,08;0,02335;SCARTA;P/E troppo alto (69.0);2026-10-05;yahoo;https://www.tradingview.com/symbols/BA/;
Booking Holdings;BKNG;USA;Viaggi;CON;USD;157,665;122171,2;109025,572434;140,700238;9,02;12,36452;17,47949;-11,082876;-0,63405;1,099209;1,099209;;1;1,68;0,010656;;0,081;0,267823;PASSA;ROE solido, P/E 17.5 nella fascia accettabile;2026-10-05;yahoo;https://www.tradingview.com/symbols/BKNG/;
Boston Scientific;BSX;USA;Dispositivi medicali;SAL;USD;42,715;61903,8;55242,947854;38,118864;2,47;3,41041;17,293522;2,478818;0,143338;0,15339;0,081774;0,028334;4;;;50,151;0,075;0,183023;SCARTA;ROE al 8.2%, sotto la soglia;2026-10-05;yahoo;https://www.tradingview.com/symbols/BSX/;
Brembo;BRE.MI;Italia;Componentistica auto;IND;EUR;10,04;3193,9;3193,9;10,04;0,72;0,84652;13,944444;1,363204;0,09776;0,10133;0,126566;0,025146;4;0,3;0,02988;58,738;0,061;0,061535;SCARTA;ROE al 10.1%, sotto la soglia;2026-10-05;yahoo;https://www.tradingview.com/symbols/MIL-BRE/;
Brenntag;BNR.DE;Germania;Distribuzione chimica;IND;EUR;59,34;8567,8;8567,8;59,34;2,52;4,17632;23,547619;1,932333;0,082061;0,08531;0,131861;0,048682;4;1,9;0,032019;80,702;0,102;0,024032;SCARTA;ROE al 8.5%, sotto la soglia;2026-10-05;yahoo;https://www.tradingview.com/symbols/XETR-BNR/;
Bristol-Myers Squibb;BMY;USA;Farmaceutica;SAL;USD;58,915;120346,5;107397,210251;52,575743;4,54;6,56484;12,976872;5,392677;0,415561;0,46599;0,077613;0,366616;4;2,52;0,042773;201,859;0,057;0,192593;SCARTA;ROE al 7.8%, sotto la soglia;2026-10-05;yahoo;https://www.tradingview.com/symbols/BMY/;
Broadcom;AVGO;USA;Semiconduttori;TEC;USD;362,195;1728961,1;1542924,794422;323,222799;7,83;19,39382;46,257344;17,344603;0,374959;0,44245;0,366204;0,195538;4;2,6;0,007178;59,604;0,855;0,598948;SCARTA;P/E troppo alto (46.3);2026-10-05;yahoo;https://www.tradingview.com/symbols/AVGO/;
Brunello Cucinelli;BC.MI;Italia;Lusso;CON;EUR;80,46;5471,3;5471,3;80,46;111944,91;2,62486;0,000719;9,985108;13892,39394;0,26791;0,240325;0,01806;4;1,04;0,012926;217,133;0,095;0,097939;PASSA FORTE;ROE 26.8% / 24.0% con P/E 0.0;2026-10-05;yahoo;https://www.tradingview.com/symbols/MIL-BC/;
Buzzi;BZU.MI;Italia;Materiali / Cemento;MAT;EUR;37,49;6617,4;6617,4;37,49;4,76;4,83455;7,87605;0,908848;0,115394;0,12303;0,134506;0,028097;4;0,7;0,018672;6,827;0,001;0,190098;SCARTA;ROE al 12.3%, sotto la soglia;2026-10-05;yahoo;https://www.tradingview.com/symbols/MIL-BZU/;
CNH Industrial;CNH;Italia;Industria pesante;IND;USD;13,395;21541,3;19223,454984;11,953697;0,25;0,68516;53,58;2,137728;0,039898;0,03914;0,201264;0,09342;4;0,1;0,007465;335,044;0,02;0,017187;SCARTA;ROE al 3.9%, sotto la soglia;2026-10-05;yahoo;https://www.tradingview.com/symbols/CNH/;Delistata da Milano (gen-2024), quota solo NYSE in USD
CSX Corporation;CSX;USA;Ferrovie;IND;USD;47,46;87918,5;78458,464762;42,353301;1,72;2,27623;27,593023;6,243093;0,226256;0,24357;0,282366;0,040133;4;0,56;0,011799;138,068;0,101;0,228711;SCARTA;P/E troppo alto (27.6);2026-10-05;yahoo;https://www.tradingview.com/symbols/CSX/;
CVS Health;CVS;USA;Distribuzione farmaceutica;SAL;USD;86,94;111193,7;99229,252014;77,585251;3,8;8,53485;22,878947;1,394051;0,060932;0,06205;0,063504;0,030403;4;2,66;0,030596;95,503;0,071;0,012162;SCARTA;ROE al 6.2%, sotto la soglia;2026-10-05;yahoo;https://www.tradingview.com/symbols/CVS/;
Cadence Design;CDNS;USA;Software EDA;TEC;USD;353,09;97387,9;86908,956822;315,097497;5,03;9,56722;70,196819;14,179182;0,201992;0,23229;0,260875;0,047407;4;;;38,661;0,242;0,260158;SCARTA;P/E troppo alto (70.2);2026-10-05;yahoo;https://www.tradingview.com/symbols/CDNS/;
Capgemini;CAP.PA;Francia;Servizi IT;TEC;EUR;108,4;17994,6;17994,6;108,4;7,87;13,69128;13,773825;1,57106;0,114061;0,12202;0,14937;0,009818;4;3,4;0,031365;87,509;0,088;0,061206;SCARTA;ROE al 12.2%, sotto la soglia;2026-10-05;yahoo;https://www.tradingview.com/symbols/EURONEXT-CAP/;
Carrefour;CA.PA;Francia;Grande distribuzione;CON;EUR;15,5;10968;10968;15,5;2,15;1,86683;7,209302;0,991049;0,137468;0,08428;0,090155;0,045002;4;0,97;0,062581;185,209;0,02;0,010842;SCARTA;ROE al 8.4%, sotto la soglia;2026-10-05;yahoo;https://www.tradingview.com/symbols/EURONEXT-CA/;
Caterpillar;CAT;USA;Macchine movimento terra;IND;USD;852,76;391992,3;349813,907839;761,002979;23,23;32,37734;36,709427;20,210936;0,550565;0,56972;0,480778;0,061746;4;6,52;0,007646;232,783;0,24;0,16044;SCARTA;P/E troppo alto (36.7);2026-10-05;yahoo;https://www.tradingview.com/symbols/CAT/;
Charles Schwab;SCHW;USA;Intermediazione;FIN;USD;97,37;168385,4;150267,122076;86,892983;5,49;7,87695;17,735883;3,829997;0,215946;0,20273;0,155464;0,032758;4;1,28;0,013146;151,106;0,209;0,406442;PASSA;ROE solido, P/E 17.7 nella fascia accettabile;2026-10-05;yahoo;https://www.tradingview.com/symbols/SCHW/;
Chevron;CVX;USA;Petrolio integrato;ENE;USD;205,96;404011,8;360540,109005;183,798693;10,39;14,53668;19,822907;2,127686;0,107335;0,12231;0,134332;0,056603;4;7,12;0,03457;18,959;0,535;0,111645;SCARTA;ROE al 12.2%, sotto la soglia;2026-10-05;yahoo;https://www.tradingview.com/symbols/CVX/;
Chipotle Mexican Grill;CMG;USA;Ristorazione;CON;USD;30,825;39006,5;34809,398542;27,508228;1,09;1,36869;28,279817;17,766571;0,628242;0,4956;0,435791;0,063244;4;;;246,35;0,093;0,119022;SCARTA;P/E troppo alto (28.3);2026-10-05;yahoo;https://www.tradingview.com/symbols/CMG/;
Chubb;CB;USA;Assicurazione;FIN;USD;332,35;128220,6;114424,056675;296,589122;28,23;29,17361;11,772937;1,700435;0,144436;0,14822;0,135042;0,018504;4;4,08;0,012276;30,941;0,061;0,187093;SCARTA;ROE al 13.5%, sotto la soglia;2026-10-05;yahoo;https://www.tradingview.com/symbols/CB/;
Cigna Group;CI;USA;Assicurazione sanitaria;SAL;USD;270,745;71541,8;63843,898546;241,612824;24,19;33,48462;11,192435;1,675164;0,149669;0,16758;0,12207;0,026429;4;6,24;0,023048;74,29;0,067;0,023429;SCARTA;ROE al 12.2%, sotto la soglia;2026-10-05;yahoo;https://www.tradingview.com/symbols/CI/;
Cisco Systems;CSCO;USA;Reti;TEC;USD;112,12;442042,8;394478,971398;100,055882;3,33;5,62033;33,66967;8,798556;0,26132;0,27319;0,248141;0,02718;4;1,68;0,014984;62,017;0,176;0,209507;SCARTA;P/E troppo alto (33.7);2026-10-05;yahoo;https://www.tradingview.com/symbols/CSCO/;
Citigroup;C;USA;Banca;FIN;USD;129,015;216414,5;193128,288382;115,132979;9,26;12,89799;13,932505;1,124431;0,080706;0,08529;0,061722;0,010735;4;2,68;0,020773;;0,155;0,193163;SCARTA;ROE al 6.2%, sotto la soglia;2026-10-05;yahoo;https://www.tradingview.com/symbols/C/;
Coca-Cola;KO;USA;Bevande;CON;USD;86,395;371718,7;331721,748269;77,098893;3,33;3,52639;25,944444;10,283895;0,396381;0,42054;0,411003;0,011459;4;2,12;0,024538;115,519;0,067;0,298617;SCARTA;P/E troppo alto (25.9);2026-10-05;yahoo;https://www.tradingview.com/symbols/KO/;
Colgate-Palmolive;CL;USA;Cura della persona;CON;USD;85,62;68253,9;60909,776759;76,407283;2,54;4,10052;33,708661;289,25677;8,581081;2,67367;15,334224;14,474259;4;2,12;0,024761;1388,163;0,049;0,09999;SCARTA;P/E troppo alto (33.7);2026-10-05;yahoo;https://www.tradingview.com/symbols/CL/;
Commerzbank;CBK.DE;Germania;Banca;FIN;EUR;39,4;42585,4;42585,4;39,4;2,61;3,91935;15,095785;1,261163;0,083544;0,09666;0,068135;0,01222;4;1,1;0,027919;;0,101;0,221741;SCARTA;ROE al 6.8%, sotto la soglia;2026-10-05;yahoo;https://www.tradingview.com/symbols/XETR-CBK/;
Compagnie Financiere Richemont;CFR.SW;Svizzera;Lusso;CON;CHF;174,65;102683,8;110168,65867;187,380641;5,47;8,026298;31,928702;4,545575;0,142366;0,14961;0,100201;0,04949;4;3,3;0,018895;55,981;0,042;0,154505;SCARTA;ROE al 10.0%, sotto la soglia;2026-10-05;yahoo;https://www.tradingview.com/symbols/SIX-CFR/;
ConocoPhillips;COP;USA;Esplorazione e produzione;ENE;USD;128,54;154419,9;137804,310613;114,709089;7,55;9,67241;17,025166;2,362998;0,138794;0,1418;0,219509;0,104682;4;3,36;0,02614;35,639;0,355;0,15698;SCARTA;ROE al 14.2%, sotto la soglia;2026-10-05;yahoo;https://www.tradingview.com/symbols/COP/;
Constellation Energy;CEG;USA;Utility / Nucleare;UTI;USD;267,8;94883,5;84674,030394;238,984706;10,23;13,32016;26,177908;2,975589;0,113668;0,15055;0,144632;0,106309;4;1,71;0,006385;76,419;0,23;0,135707;SCARTA;ROE al 14.5%, sotto la soglia;2026-10-05;yahoo;https://www.tradingview.com/symbols/CEG/;
Continental;CON.DE;Germania;Componentistica auto;IND;EUR;69;13800,4;13800,4;69;-2,35;6,43426;;3,28415;;-0,08303;0,032249;0,05337;4;2,7;0,03913;156,749;-0,113;-0,021295;DA COMPLETARE;manca il P/E (EPS assente o negativo);2026-10-05;yahoo;https://www.tradingview.com/symbols/XETR-CON/;
Costco Wholesale;COST;USA;Grande distribuzione;CON;USD;923,11;409183,3;365155,155332;823,783315;20,76;25,01447;44,4658;11,42873;0,257023;0,28402;0,280946;0,021578;4;5,88;0,00637;23,953;0,111;0,03352;SCARTA;P/E troppo alto (44.5);2026-10-05;yahoo;https://www.tradingview.com/symbols/COST/;
Covestro;1COV.DE;Germania;Chimica specialistica;MAT;EUR;59,98;11320,6;11320,6;59,98;-2,43;0,96744;;1,700933;;-0,0444;-0,050102;0,024496;4;;;38,504;-0,004;-0,023567;DA COMPLETARE;manca il P/E (EPS assente o negativo);2026-10-05;yahoo;https://www.tradingview.com/symbols/XETR-1COV/;
Credit Agricole;ACA.PA;Francia;Banca;FIN;EUR;16,93;51354,5;51354,5;16,93;1,98;2,48866;8,550505;0,729741;0,085345;0,08612;0,088754;0,005563;4;1,13;0,066745;;-0,063;0,233159;SCARTA;ROE al 8.6%, sotto la soglia;2026-10-05;yahoo;https://www.tradingview.com/symbols/EURONEXT-ACA/;
Credito Emiliano;CE.MI;Italia;Banca;FIN;EUR;21,04;7155,4;7155,4;21,04;1,66;1,70789;12,674699;1,514977;0,119528;0,12286;0,130006;0,019598;4;0,75;0,035646;;0,165;0,271063;SCARTA;ROE al 12.3%, sotto la soglia;2026-10-05;yahoo;https://www.tradingview.com/symbols/MIL-CE/;
CrowdStrike;CRWD;USA;Cybersicurezza;TEC;USD;271,6;278100,7;248177,050008;242,375826;0,06;1,60591;4526,666667;54,50532;0,012041;0,01461;-0,033803;0,057995;4;;;15,958;0,258;0,009351;SCARTA;ROE al -3.4%, sotto la soglia;2026-10-05;yahoo;https://www.tradingview.com/symbols/CRWD/;
Cummins;CMI;USA;Motori;IND;USD;530,01;73135,6;65266,205581;472,980896;19,57;34,57657;27,08278;5,679429;0,209706;0,21114;0,234282;0,106523;4;8,8;0,016603;59,586;0,094;0,080636;SCARTA;P/E troppo alto (27.1);2026-10-05;yahoo;https://www.tradingview.com/symbols/CMI/;
DHL Group;DHL.DE;Germania;Logistica;IND;EUR;55,92;62588,1;62588,1;55,92;3,26;3,85789;17,153374;2,784999;0,162359;0,1809;0,172925;0,034416;4;1,9;0,033977;122,614;0,128;0,044862;PASSA;ROE solido, P/E 17.2 nella fascia accettabile;2026-10-05;yahoo;https://www.tradingview.com/symbols/XETR-DHL/;
DSM-Firmenich;DSFIR.AS;Paesi Bassi;Nutrizione e aromi;MAT;EUR;97,2;23770,7;23770,7;97,2;-5,36;4,11348;;1,364268;;0,01874;0,050846;0,082213;4;2,5;0,02572;37,638;0,005;0,035865;DA COMPLETARE;manca il P/E (EPS assente o negativo);2026-10-05;yahoo;https://www.tradingview.com/symbols/EURONEXT-DSFIR/;
Daimler Truck;DTG.DE;Germania;Veicoli industriali;IND;EUR;41,08;31229,6;31229,6;41,08;1,44;4,82596;28,527778;1,383631;0,048501;0,05047;0,13241;0,029477;4;1,9;0,046251;127,015;0,053;0,023677;SCARTA;ROE al 5.0%, sotto la soglia;2026-10-05;yahoo;https://www.tradingview.com/symbols/XETR-DTG/;
Danaher;DHR;USA;Strumentazione life science;SAL;USD;218,265;153437,2;136927,349185;194,779674;5,61;9,302;38,906417;2,917747;0,074994;0,07605;0,095127;0,029082;4;1,6;0,007331;52,97;0,055;0,162406;SCARTA;ROE al 7.6%, sotto la soglia;2026-10-05;yahoo;https://www.tradingview.com/symbols/DHR/;
Danieli & C. ord.;DAN.MI;Italia;Impiantistica;IND;EUR;49,66;3554,3;3554,3;49,66;3,22;4,40998;15,42236;1,245236;0,080742;0,08036;0,096844;0,003975;3;0,31;0,006242;29,397;-0,048;0,053364;SCARTA;ROE al 8.0%, sotto la soglia;2026-10-05;yahoo;https://www.tradingview.com/symbols/MIL-DAN/;Verificare se posizione e' su risparmio (DANR.MI)
Danone;BN.PA;Francia;Alimentare;CON;EUR;57,76;37203;37203;57,76;3,02;4,22652;19,125828;2,110109;0,110328;0,12193;0,082355;0,028443;4;2,25;0,038954;98,519;0,014;0,07129;SCARTA;ROE al 8.2%, sotto la soglia;2026-10-05;yahoo;https://www.tradingview.com/symbols/EURONEXT-BN/;
Dassault Systemes;DSY.PA;Francia;Software;TEC;EUR;21,4;28120,8;28120,8;21,4;0,97;1,40815;22,061856;3,040637;0,137823;0,15088;0,13249;0,003201;4;0,27;0,012617;36,229;0,022;0,212294;SCARTA;ROE al 13.2%, sotto la soglia;2026-10-05;yahoo;https://www.tradingview.com/symbols/EURONEXT-DSY/;
Davide Campari-Milano;CPR.MI;Italia;Bevande;CON;EUR;6,032;7234,6;7234,6;6,032;0,15;0,35152;40,213333;1,8125;0,045072;0,06676;0,094843;0,027571;4;0,1;0,016578;70,273;-0,01;0,088263;SCARTA;ROE al 6.7%, sotto la soglia;2026-10-05;yahoo;https://www.tradingview.com/symbols/MIL-CPR/;
Deere & Company;DE;USA;Macchine agricole;IND;USD;686,275;185037,2;165127,187518;612,431774;17,99;22,84297;38,147582;6,610812;0,173296;0,18242;0,330806;0,097582;4;6,48;0,009442;230,298;0,049;0,109101;SCARTA;P/E troppo alto (38.1);2026-10-05;yahoo;https://www.tradingview.com/symbols/DE/;
Dell Technologies;DELL;USA;Hardware;TEC;USD;549,65;349474,5;311871,025362;490,507631;17,2;29,11713;31,956395;-246,47983;-7,713005;;;;0;2,52;0,004585;;0,577;0,100213;DA COMPLETARE;manca il ROE;2026-10-05;yahoo;https://www.tradingview.com/symbols/DELL/;
Deutsche Bank;DBK.DE;Germania;Banca;FIN;EUR;31,28;58775,1;58775,1;31,28;3,29;3,84365;9,507599;0,74565;0,078427;0,08891;0,068759;0,016804;4;1;0,031969;;0,087;0,189757;SCARTA;ROE al 6.9%, sotto la soglia;2026-10-05;yahoo;https://www.tradingview.com/symbols/XETR-DBK/;
Deutsche Boerse;DB1.DE;Germania;Infrastrutture di mercato;FIN;EUR;289,7;52229,3;52229,3;289,7;11,6;13,62992;24,974138;5,043348;0,201943;0,20412;0,178014;0,001844;4;4,2;0,014498;57,645;0,117;0,286547;SCARTA;P/E troppo alto (25.0);2026-10-05;yahoo;https://www.tradingview.com/symbols/XETR-DB1/;
Deutsche Telekom;DTE.DE;Germania;Telecomunicazioni;IND;EUR;26,83;128317,4;128317,4;26,83;1,78;2,55963;15,073034;2,143999;0,142241;0,15063;0,202225;0,064155;4;1;0,037272;165,297;0,043;0,073025;PASSA;ROE solido, P/E 15.1 nella fascia accettabile;2026-10-05;yahoo;https://www.tradingview.com/symbols/XETR-DTE/;
DiaSorin;DIA.MI;Italia;Diagnostica;SAL;EUR;75,92;3753,7;3753,7;75,92;2,72;4,32473;27,911765;2,639961;0,094582;0,09163;0,116289;0,024548;4;1,3;0,017123;68,183;0,027;0,117628;SCARTA;ROE al 9.2%, sotto la soglia;2026-10-05;yahoo;https://www.tradingview.com/symbols/MIL-DIA/;
Digital Realty;DLR;USA;REIT / Data center;IMM;USD;178,345;67354,4;60107,063006;159,155069;2,06;2,76208;86,575243;2,471248;0,028545;0,02912;0,039106;0,014686;4;4,88;0,027363;67,944;0,299;0,124053;SCARTA;ROE al 2.9%, sotto la soglia;2026-10-05;yahoo;https://www.tradingview.com/symbols/DLR/;
Dominion Energy;D;USA;Utility;UTI;USD;61,29;53906,1;48105,800796;54,695193;2,89;3,81423;21,207612;1,931002;0,091052;0,08281;0,073258;0,021283;4;2,67;0,043563;160,459;0,176;0,151824;SCARTA;ROE al 7.3%, sotto la soglia;2026-10-05;yahoo;https://www.tradingview.com/symbols/D/;
Dow Inc.;DOW;USA;Chimica di base;MAT;USD;28,3874;20505,4;18299,017878;25,332914;-1,84;1,71663;;1,292922;;-0,0554;0,038316;0,136954;4;1,4;0,049318;111,913;0,197;-0,032551;DA COMPLETARE;manca il P/E (EPS assente o negativo);2026-10-05;yahoo;https://www.tradingview.com/symbols/DOW/;
Duke Energy;DUK;USA;Utility;UTI;USD;114,19;89034,2;79454,115383;101,90315;6,64;7,17137;17,197289;1,656224;0,096307;0,09857;0,073908;0,019357;4;4,34;0,038007;162,155;0,011;0,160313;SCARTA;ROE al 7.4%, sotto la soglia;2026-10-05;yahoo;https://www.tradingview.com/symbols/DUK/;
E.ON;EOAN.DE;Germania;Utility / Reti;UTI;EUR;16,965;44351,3;44351,3;16,965;1,29;1,24564;13,151163;2,0898;0,158906;0,15546;0,123904;0,080249;4;0,57;0,033599;152,987;-0,005;0,042857;SCARTA;ROE al 12.4%, sotto la soglia;2026-10-05;yahoo;https://www.tradingview.com/symbols/XETR-EOAN/;
EOG Resources;EOG;USA;Esplorazione e produzione;ENE;USD;144,705;77074;68780,833534;129,134734;12,85;15,33218;11,261089;2,386454;0,21192;0,22507;0,242139;0,054925;4;4,08;0,028195;25,891;0,587;0,30449;PASSA FORTE;ROE 22.5% / 24.2% con P/E 11.3;2026-10-05;yahoo;https://www.tradingview.com/symbols/EOG/;
ERG;ERG.MI;Italia;Utility / Rinnovabili;UTI;EUR;22,24;3232,7;3232,7;22,24;0,55;1,16663;40,436364;1,710901;0,042311;0,04065;0,097247;0,055191;4;1;0,044964;137,035;;0,10464;SCARTA;ROE al 4.1%, sotto la soglia;2026-10-05;yahoo;https://www.tradingview.com/symbols/MIL-ERG/;
Eaton;ETN;USA;Elettrificazione;IND;USD;437,64;169935,6;151650,520474;390,549913;9,83;16,21902;44,520855;8,392429;0,188506;0,19684;0,18229;0,027014;4;4,4;0,010054;105,059;0,214;0,1395;SCARTA;P/E troppo alto (44.5);2026-10-05;yahoo;https://www.tradingview.com/symbols/ETN/;
Ecolab;ECL;USA;Chimica specialistica;MAT;USD;276,835;77604,8;69254,519426;247,047539;7,45;9,41061;37,15906;7,717731;0,207694;0,21956;0,193774;0,035275;4;2,92;0,010548;138,023;0,097;0,131607;SCARTA;P/E troppo alto (37.2);2026-10-05;yahoo;https://www.tradingview.com/symbols/ECL/;
Edenred;EDEN.PA;Francia;Servizi di pagamento;FIN;EUR;27,25;6242,8;6242,8;27,25;2,06;2,44361;13,228155;-6,398216;-0,483682;;;;0;1,33;0,048807;;0,015;0,168862;DA COMPLETARE;manca il ROE;2026-10-05;yahoo;https://www.tradingview.com/symbols/EURONEXT-EDEN/;
Elevance Health;ELV;USA;Assicurazione sanitaria;SAL;USD;391,715;84951;75810,267918;349,566445;22,59;29,53956;17,340195;1,892471;0,109138;0,11133;0,147178;0,012251;4;6,88;0,017564;68,953;0,014;0,024924;SCARTA;ROE al 11.1%, sotto la soglia;2026-10-05;yahoo;https://www.tradingview.com/symbols/ELV/;
Eli Lilly;LLY;USA;Farmaceutica;SAL;USD;1153,95;1028581,4;917905,987093;1029,784919;29,79;47,59245;38,736153;30,365507;0,783906;1,02286;0,64817;0,11789;4;6,92;0,005997;162,071;0,477;0,40981;SCARTA;P/E troppo alto (38.7);2026-10-05;yahoo;https://www.tradingview.com/symbols/LLY/;
Emerson Electric;EMR;USA;Automazione;IND;USD;163,22;91419,5;81582,756977;145,657519;4,57;7,26911;35,715536;4,467497;0,125086;0,128;0,288677;0,219745;4;2,22;0,013601;67,677;0,07;0,142984;SCARTA;ROE al 12.8%, sotto la soglia;2026-10-05;yahoo;https://www.tradingview.com/symbols/EMR/;
Enel;ENEL.MI;Italia;Utility;UTI;EUR;8,75;86805,8;86805,8;8,75;0,42;0,75644;20,833333;3,516881;0,16881;0,12256;0,126679;0,053849;4;0,52;0,059429;147,743;0,085;0,063097;SCARTA;ROE al 12.3%, sotto la soglia;2026-10-05;yahoo;https://www.tradingview.com/symbols/MIL-ENEL/;
Engie;ENGI.PA;Francia;Utility;UTI;EUR;22,87;58103,7;58103,7;22,87;1,63;2,10498;14,030675;1,704808;0,121506;0,12218;0,078683;0,045498;4;1,35;0,059029;143,77;-0,036;0,056502;SCARTA;ROE al 7.9%, sotto la soglia;2026-10-05;yahoo;https://www.tradingview.com/symbols/EURONEXT-ENGI/;
Eni;ENI.MI;Italia;Energia;ENE;EUR;24,41;70008,2;70008,2;24,41;1,23;2,54436;19,845528;1,546503;0,077927;0,10901;0,111856;0,083285;4;1,08;0,044244;64,975;0,185;0,070419;SCARTA;ROE al 10.9%, sotto la soglia;2026-10-05;yahoo;https://www.tradingview.com/symbols/MIL-ENI/;
Equinix;EQIX;USA;REIT / Data center;IMM;USD;1021,34;100777,3;89933,657203;911,443762;15,54;18,62;65,723295;7,007142;0,106616;0,10735;0,073618;0,014318;4;20,64;0,020209;162,217;0,167;0,166323;SCARTA;ROE al 7.4%, sotto la soglia;2026-10-05;yahoo;https://www.tradingview.com/symbols/EQIX/;
Esprinet;PRT.MI;Italia;Distribuzione IT;TEC;EUR;8,01;396;396;8,01;0,44;0,63139;18,204545;1,050905;0,057728;0,05738;0,047616;0,052682;4;0,35;0,043695;118,59;0,057;0,005014;SCARTA;ROE al 4.8%, sotto la soglia;2026-10-05;yahoo;https://www.tradingview.com/symbols/MIL-PRT/;
EssilorLuxottica;EL.PA;Francia;Ottica;CON;EUR;144,5;66286,3;66286,3;144,5;5,35;7,94324;27,009346;1,693426;0,062698;0,06723;0,058818;0,000949;4;4;0,027682;38,359;0,057;0,087536;SCARTA;ROE al 5.9%, sotto la soglia;2026-10-05;yahoo;https://www.tradingview.com/symbols/EURONEXT-EL/;
Estee Lauder;EL;USA;Cosmetica;CON;USD;94,25;34148,9;30474,476558;84,108695;0,5;3,92154;188,5;8,959126;0,047529;0,04745;0,002048;0,177507;4;1,4;0,014854;242,932;0,063;0,012094;SCARTA;ROE al 0.2%, sotto la soglia;2026-10-05;yahoo;https://www.tradingview.com/symbols/EL/;
Eurofins Scientific;ERF.PA;Francia;Laboratori / Analisi;SAL;EUR;75,54;12925,8;12925,8;75,54;2,88;4,6439;26,229167;3,622327;0,138103;0,11328;0,09233;0,025646;4;0,72;0,009531;96,122;0,025;0,064404;SCARTA;ROE al 9.2%, sotto la soglia;2026-10-05;yahoo;https://www.tradingview.com/symbols/EURONEXT-ERF/;
Exelon;EXC;USA;Utility / Reti;UTI;USD;40,965;42204,4;37663,204333;36,557164;2,72;3,0383;15,060662;1,423879;0,094543;0,09711;0,091396;0,003041;4;1,68;0,041011;177,362;0,099;0,114725;SCARTA;ROE al 9.1%, sotto la soglia;2026-10-05;yahoo;https://www.tradingview.com/symbols/EXC/;
Exor;EXO.AS;Italia;Holding;FIN;EUR;68;22384,3;22384,3;68;-21,02;1,27515;;0,43069;;-0,12553;0,163751;0,178643;4;0,49;0,007206;11,531;;1,194932;DA COMPLETARE;manca il P/E (EPS assente o negativo);2026-10-05;yahoo;https://www.tradingview.com/symbols/EURONEXT-EXO/;Quotata ad Amsterdam
Exxon Mobil;XOM;USA;Petrolio integrato;ENE;USD;163,675;673017,2;600600,513772;146,063561;7,77;11,34796;21,064994;2,594721;0,123177;0,12584;0,175131;0,06815;4;4,12;0,025172;15,921;0,441;0,101132;SCARTA;ROE al 12.6%, sotto la soglia;2026-10-05;yahoo;https://www.tradingview.com/symbols/XOM/;
FedEx;FDX;USA;Logistica;IND;USD;290,27;68698,3;61306,359296;259,036933;18,55;20,85221;15,647978;2,2013;0,140676;0,14846;0,148778;0,006421;4;4,88;0,016812;135,697;0,125;0,046727;SCARTA;ROE al 14.8%, sotto la soglia;2026-10-05;yahoo;https://www.tradingview.com/symbols/FDX/;
Ferrari;RACE.MI;Italia;Lusso / Auto;CON;EUR;341,2;59871,6;59871,6;341,2;9,23;11,05319;36,966414;16,407001;0,443835;0,4544;0,402031;0,02601;4;3,62;0,01061;86,386;0,084;0,228963;SCARTA;P/E troppo alto (37.0);2026-10-05;yahoo;https://www.tradingview.com/symbols/MIL-RACE/;
Fincantieri;FCT.MI;Italia;Cantieristica;IND;EUR;12,685;4561,9;4561,9;12,685;0,53;0,82847;23,933962;2,813887;0,117569;0,14936;-0,121881;0,250229;4;;;157,274;-0,027;0,021394;SCARTA;ROE al -12.2%, sotto la soglia;2026-10-05;yahoo;https://www.tradingview.com/symbols/MIL-FCT/;Prezzo storico pre-raggruppamento 2025
FinecoBank;FBK.MI;Italia;Banca;FIN;EUR;21,58;13203,1;13203,1;21,58;1,1;1,28854;19,618182;5,509318;0,280827;0,28855;0,257062;0,020975;4;0,79;0,036608;;0,18;0,43119;PASSA;ROE solido, P/E 19.6 nella fascia accettabile;2026-10-05;yahoo;https://www.tradingview.com/symbols/MIL-FBK/;
Ford Motor;F;USA;Auto;CON;USD;12,085;48190,1;43004,842698;10,784653;-1,88;1,95621;;1,349073;;-0,18252;-0,01016;0,142304;4;0,6;0,049648;456,708;-0,038;-0,039494;DA COMPLETARE;manca il P/E (EPS assente o negativo);2026-10-05;yahoo;https://www.tradingview.com/symbols/F/;
Forvia (ex Faurecia);FRVIA.PA;Italia;Componentistica auto;IND;EUR;8,734;1607,6;1607,6;8,734;-6,23;2,33257;;0,842562;;-0,2566;-0,297041;0,472031;4;;;254,917;-0,043;-0,059522;DA COMPLETARE;manca il P/E (EPS assente o negativo);2026-10-05;yahoo;https://www.tradingview.com/symbols/EURONEXT-FRVIA/;Quotata a Parigi
Freeport-McMoRan;FCX;USA;Rame;MAT;USD;73,005;104836,5;93556,087069;65,149658;2,03;4,17656;35,963054;5,213525;0,144969;0,14755;0,13943;0,048333;4;0,6;0,008219;32,149;-0,073;0,113293;SCARTA;ROE al 13.9%, sotto la soglia;2026-10-05;yahoo;https://www.tradingview.com/symbols/FCX/;
Fresenius;FRE.DE;Germania;Servizi sanitari;SAL;EUR;43,865;24706,4;24706,4;43,865;2,77;3,95467;15,83574;1,254182;0,079199;0,08287;0,031552;0,04022;4;1,05;0,023937;55,978;0,052;0,068334;SCARTA;ROE al 3.2%, sotto la soglia;2026-10-05;yahoo;https://www.tradingview.com/symbols/XETR-FRE/;
Fresenius Medical Care;FME.DE;Germania;Dialisi;SAL;EUR;40,25;10809,7;10809,7;40,25;3,32;4,25403;12,123494;0,853007;0,07036;0,08524;0,048796;0,015003;4;1,49;0,037019;81,131;0,014;0,047779;SCARTA;ROE al 4.9%, sotto la soglia;2026-10-05;yahoo;https://www.tradingview.com/symbols/XETR-FME/;
GE Aerospace;GE;USA;Aerospazio;IND;USD;307,825;319387,7;285021,56663;274,703014;8,48;9,07441;36,300118;18,106289;0,498794;0,48232;0,290243;0,169511;4;1,88;0,006107;113,225;0,211;0,195486;SCARTA;P/E troppo alto (36.3);2026-10-05;yahoo;https://www.tradingview.com/symbols/GE/;
GE Vernova;GEV;USA;Elettrificazione / Energia;IND;USD;991,465;264060,4;235647,487029;884,783314;34,88;25,17476;28,425029;22,084085;0,776924;0,82577;0,070887;0,258228;4;2;0,002017;28,364;0,219;0,250315;SCARTA;ROE al 7.1%, sotto la soglia;2026-10-05;yahoo;https://www.tradingview.com/symbols/GEV/;
GEA Group;G1A.DE;Germania;Impiantistica;IND;EUR;67,5;10989,1;10989,1;67,5;2,68;3,73916;25,186567;4,391101;0,174343;0,1845;0,166875;0,00634;4;1,3;0,019259;10,426;0,1;0,07951;SCARTA;P/E troppo alto (25.2);2026-10-05;yahoo;https://www.tradingview.com/symbols/XETR-G1A/;
Geberit;GEBN.SW;Svizzera;Sanitari e impianti;IND;CHF;534;17279,4;18538,935262;572,92449;18,86;21,04945;28,313892;15,589419;0,550593;0,54099;0,447961;0,031491;4;12,9;0,024157;134,428;0,065;0,19694;SCARTA;P/E troppo alto (28.3);2026-10-05;yahoo;https://www.tradingview.com/symbols/SIX-GEBN/;
General Dynamics;GD;USA;Difesa;IND;USD;332,0801;89846,7;80179,19034;296,348264;16,39;18,59328;20,261141;3,34421;0,165055;0,17803;0,168486;0,009867;4;6,36;0,019152;35,335;0,081;0,085385;SCARTA;P/E troppo alto (20.3);2026-10-05;yahoo;https://www.tradingview.com/symbols/GD/;
General Motors;GM;USA;Auto;CON;USD;80,235;70402,3;62827,008806;71,60171;2,23;15,04973;35,979821;1,13493;0,031544;0,03164;0,110863;0,045132;4;0,72;0,008974;202,341;0,019;0,010037;SCARTA;ROE al 3.2%, sotto la soglia;2026-10-05;yahoo;https://www.tradingview.com/symbols/GM/;
Geox;GEO.MI;Italia;Abbigliamento;CON;EUR;0,2625;96,1;96,1;0,2625;-0,04;0,01;;1,268116;;-0,19634;-0,213566;0,144396;4;;;395,272;-0,114;-0,025016;DA COMPLETARE;manca il P/E (EPS assente o negativo);2026-10-05;yahoo;https://www.tradingview.com/symbols/MIL-GEO/;
Gilead Sciences;GILD;USA;Biotecnologie;SAL;USD;144,29;178913,1;159662,041001;128,764388;-2,65;9,88911;;15,137432;;-0,2068;0,215998;0,125311;4;3,28;0,022732;223,465;0,102;-0,110047;DA COMPLETARE;manca il P/E (EPS assente o negativo);2026-10-05;yahoo;https://www.tradingview.com/symbols/GILD/;
Givaudan;GIVN.SW;Svizzera;Aromi e fragranze;MAT;CHF;3381;31211,1;33486,14896;3627,448877;102,7;132,05135;32,92113;7,090206;0,215369;0,22337;0,225016;0,014251;4;72;0,021295;110,755;-0,017;0,127677;SCARTA;P/E troppo alto (32.9);2026-10-05;yahoo;https://www.tradingview.com/symbols/SIX-GIVN/;
Goldman Sachs;GS;USA;Banca d'investimento;FIN;USD;895,48;260738,2;232682,755924;799,126305;64,75;72,84258;13,829807;2,473367;0,178843;0,16902;0,105849;0,024016;4;20;0,022334;725,381;0,425;0,342844;SCARTA;ROE al 10.6%, sotto la soglia;2026-10-05;yahoo;https://www.tradingview.com/symbols/GS/;
Hannover Rueck;HNR1.DE;Germania;Riassicurazione;FIN;EUR;255,4;30800,5;30800,5;255,4;22,67;23,56741;11,26599;2,321755;0,206085;0,22163;0,167033;0,047498;4;12,5;0,048943;28,967;-0,233;0,113811;PASSA FORTE;ROE 22.2% / 16.7% con P/E 11.3;2026-10-05;yahoo;https://www.tradingview.com/symbols/XETR-HNR1/;
Heidelberg Materials;HEI.DE;Germania;Cemento;MAT;EUR;145,7;25614,3;25614,3;145,7;11,45;14,38566;12,724891;1,374606;0,108025;0,11698;0,102517;0,0071;4;3,6;0,024708;50,409;0,017;0,094775;SCARTA;ROE al 10.3%, sotto la soglia;2026-10-05;yahoo;https://www.tradingview.com/symbols/XETR-HEI/;
Heineken;HEIA.AS;Paesi Bassi;Bevande;CON;EUR;69,96;38747;38747;69,96;4,1;5,71692;17,063415;2,006482;0,11759;0,12131;0,101714;0,032097;4;1,92;0,027444;95,107;0,047;0,078809;SCARTA;ROE al 10.2%, sotto la soglia;2026-10-05;yahoo;https://www.tradingview.com/symbols/EURONEXT-HEIA/;
Henkel VZ;HEN3.DE;Germania;Beni per la casa;CON;EUR;71,66;29011,6;29011,6;71,66;4,69;5,87843;15,279318;1,385029;0,090647;0,09395;0,080124;0,015939;4;2,07;0,028886;32,159;-0,005;0,09334;SCARTA;ROE al 8.0%, sotto la soglia;2026-10-05;yahoo;https://www.tradingview.com/symbols/XETR-HEN3/;
Hera;HER.MI;Italia;Utility;UTI;EUR;3,496;5168,4;5168,4;3,496;0,32;0,33202;10,925;1,26575;0,115858;0,12108;0,112902;0,02308;4;0,16;0,045767;133,318;0,217;0,036294;SCARTA;ROE al 11.3%, sotto la soglia;2026-10-05;yahoo;https://www.tradingview.com/symbols/MIL-HER/;
Hermes International;RMS.PA;Francia;Lusso;CON;EUR;1286;134697,6;134697,6;1286;43;49,50814;29,906977;7,080796;0,236761;0,25452;0,264989;0,015785;4;18;0,013997;11,984;0,016;0,282232;SCARTA;P/E troppo alto (29.9);2026-10-05;yahoo;https://www.tradingview.com/symbols/EURONEXT-RMS/;
Holcim;HOLN.SW;Svizzera;Cemento;MAT;CHF;64,94;35919,9;38538,184237;69,673626;0,7;4,31941;92,771429;2,2762;0,024536;0,02781;0,299388;0,321994;4;1,7;0,026178;65,636;0,007;0,024994;SCARTA;ROE al 2.8%, sotto la soglia;2026-10-05;yahoo;https://www.tradingview.com/symbols/SIX-HOLN/;
Home Depot;HD;USA;Distribuzione specializzata;CON;USD;281,9;281228,7;250968,477043;251,567545;14,29;16,0248;19,727082;16,92973;0,858197;1,04296;7,197532;5,685105;4;9,32;0,033061;380,261;0,057;0,08639;PASSA;ROE solido, P/E 19.7 nella fascia accettabile;2026-10-05;yahoo;https://www.tradingview.com/symbols/HD/;
Honeywell;HON;USA;Conglomerata industriale;IND;USD;213,42;67641,3;60363,092551;190,455997;27,09;9,8574;7,878184;3,649016;0,46318;0,46577;0,325195;0,02423;4;2,8;0,01312;185,369;0,043;0,220768;PASSA FORTE;ROE 46.6% / 32.5% con P/E 7.9;2026-10-05;yahoo;https://www.tradingview.com/symbols/HON/;
IBM;IBM;USA;Servizi IT;TEC;USD;221,44;208626,2;186178,009873;197,613044;11,25;13,14773;19,683556;6,055568;0,307646;0,34461;0,238174;0,10422;4;6,76;0,030527;188,97;0,011;0,158508;PASSA;ROE solido, P/E 19.7 nella fascia accettabile;2026-10-05;yahoo;https://www.tradingview.com/symbols/IBM/;
IMCD;IMCD.AS;Paesi Bassi;Distribuzione chimica;IND;EUR;95,72;5650,6;5650,6;95,72;3,89;6,53018;24,606684;2,662217;0,108191;0,11225;0,147252;0,032441;4;1,81;0,018909;85,125;0,066;0,048172;SCARTA;ROE al 11.2%, sotto la soglia;2026-10-05;yahoo;https://www.tradingview.com/symbols/EURONEXT-IMCD/;
ING Groep;INGA.AS;Paesi Bassi;Banca;FIN;EUR;31,035;88337,2;88337,2;31,035;2,29;2,8961;13,552402;1,766363;0,130336;0,17124;0,117547;0,026096;4;1,14;0,036733;;0,111;0,379732;SCARTA;ROE al 11.8%, sotto la soglia;2026-10-05;yahoo;https://www.tradingview.com/symbols/EURONEXT-INGA/;
INWIT;INW.MI;Italia;Torri / Infrastrutture;IND;EUR;6,46;5830,1;5830,1;6,46;0,37;0,35627;17,459459;1,920333;0,109988;0,09862;0,083757;0,014015;4;0,55;0,085139;176,713;-0,008;0,313335;SCARTA;ROE al 8.4%, sotto la soglia;2026-10-05;yahoo;https://www.tradingview.com/symbols/MIL-INW/;
Illinois Tool Works;ITW;USA;Componenti industriali;IND;USD;265,29;75554,6;67424,921054;236,744782;11,03;12,38828;24,051677;26,106083;1,085416;1,04618;0,991705;0,037031;4;6,88;0,025934;334,853;0,061;0,199078;SCARTA;P/E troppo alto (24.1);2026-10-05;yahoo;https://www.tradingview.com/symbols/ITW/;
Infineon Technologies;IFX.DE;Germania;Semiconduttori;TEC;EUR;63,47;82479,2;82479,2;63,47;0,92;2,85062;68,98913;4,750037;0,068852;0,07019;0,116237;0,050854;4;0,35;0,005514;40,183;0,126;0,082117;SCARTA;ROE al 7.0%, sotto la soglia;2026-10-05;yahoo;https://www.tradingview.com/symbols/XETR-IFX/;
Intel;INTC;USA;Semiconduttori;TEC;USD;117,065;618817,9;552233,061312;104,4688;-2,12;2,06267;;6,743764;;-0,10715;-0,024066;0,099858;4;;;48,997;0,254;-0,213592;DA COMPLETARE;manca il P/E (EPS assente o negativo);2026-10-05;yahoo;https://www.tradingview.com/symbols/INTC/;
Interpump Group;IP.MI;Italia;Meccanica;IND;EUR;35,62;3743,5;3743,5;35,62;2;2,39585;17,81;1,737646;0,097566;0,10251;0,134171;0,029235;4;0,35;0,009826;31,196;0,011;0,102641;SCARTA;ROE al 10.3%, sotto la soglia;2026-10-05;yahoo;https://www.tradingview.com/symbols/MIL-IP/;
Intesa Sanpaolo;ISP.MI;Italia;Banca;FIN;EUR;6,426;111578,4;111578,4;6,426;0,56;0,65382;11,475;1,643478;0,143223;0,14261;0,117072;0,027364;4;0,38;0,059135;;0,064;0,338568;SCARTA;ROE al 11.7%, sotto la soglia;2026-10-05;yahoo;https://www.tradingview.com/symbols/MIL-ISP/;
Intuit;INTU;USA;Software;TEC;USD;282,1;75387,3;67275,622543;251,746025;16,46;27,07542;17,138518;3,98649;0,232604;0,23596;0,183871;0,038689;4;5,52;0,019568;44,34;0,137;0,212887;PASSA;ROE solido, P/E 17.1 nella fascia accettabile;2026-10-05;yahoo;https://www.tradingview.com/symbols/INTU/;
Intuitive Surgical;ISRG;USA;Dispositivi medicali;SAL;USD;403,5426;142562,7;127222,945959;360,121395;8,72;12,0912;46,277821;7,860505;0,169855;0,17423;0,139107;0,014507;4;;;;0,185;0,311862;SCARTA;ROE al 13.9%, sotto la soglia;2026-10-05;yahoo;https://www.tradingview.com/symbols/ISRG/;
Iren;IRE.MI;Italia;Utility;UTI;EUR;2,398;3076,8;3076,8;2,398;0,23;0,24707;10,426087;1,043516;0,100087;0,08586;0,088338;0,00416;4;0,14;0,058382;129,504;0,028;0,046421;SCARTA;ROE al 8.6%, sotto la soglia;2026-10-05;yahoo;https://www.tradingview.com/symbols/MIL-IRE/;
Italgas;IG.MI;Italia;Utility / Reti;UTI;EUR;8,13;8264,3;8264,3;8,13;0,68;0,79921;11,955882;2,191965;0,183338;0,19063;0,189211;0,007637;4;0,43;0,052891;294,061;0,306;0,206305;PASSA FORTE;ROE 19.1% / 18.9% con P/E 12.0;2026-10-05;yahoo;https://www.tradingview.com/symbols/MIL-IG/;
Iveco Group;IVG.MI;Italia;Veicoli industriali;IND;EUR;14,175;3775,5;3775,5;14,175;0,23;2,04691;61,630435;1,529786;0,024822;0,02429;0,097268;0,024063;4;0,33;0,02328;233,426;0,073;0,004692;SCARTA;ROE al 2.4%, sotto la soglia;2026-10-05;yahoo;https://www.tradingview.com/symbols/MIL-IVG/;
JPMorgan Chase;JPM;USA;Banca;FIN;USD;333,095;885428,5;790156,346686;297,25396;23,34;25,02953;14,271422;2,504342;0,175479;0,17789;0,151753;0,014781;4;6,6;0,019814;;0,304;0,349932;PASSA FORTE;ROE 17.8% / 15.2% con P/E 14.3;2026-10-05;yahoo;https://www.tradingview.com/symbols/JPM/;
Johnson & Johnson;JNJ;USA;Farmaceutica;SAL;USD;254,035;612198,6;546325,998341;226,700821;8,63;12,138;29,436269;7,199722;0,244587;0,25742;0,317548;0,121697;4;5,36;0,021099;57,709;0,066;0,223339;SCARTA;P/E troppo alto (29.4);2026-10-05;yahoo;https://www.tradingview.com/symbols/JNJ/;
Julius Baer Gruppe;BAER.SW;Svizzera;Gestione patrimoni;FIN;CHF;73,68;15160,7;16265,798339;79,050705;5,54;6,2272;13,299639;2,055804;0,154576;0,16169;0,120021;0,03239;4;2,6;0,035288;;0,257;0,279861;SCARTA;ROE al 12.0%, sotto la soglia;2026-10-05;yahoo;https://www.tradingview.com/symbols/SIX-BAER/;
Juventus FC;JUVE.MI;Italia;Sport / Intrattenimento;CON;EUR;1,763;735,2;735,2;1,763;-0,17;-0,06018;;62,964283;;-5,34;-3,115727;1,43593;3;;;3159,981;-0,015;-0,167883;DA COMPLETARE;manca il P/E (EPS assente o negativo);2026-10-05;yahoo;https://www.tradingview.com/symbols/MIL-JUVE/;
KKR & Co.;KKR;USA;Private equity;FIN;USD;90,115;83229,4;74273,912169;80,418621;3,13;7,37932;28,790735;2,838268;0,098583;0,0728;0,085578;0,072344;4;0,78;0,008656;69,812;0,078;0,155681;SCARTA;ROE al 7.3%, sotto la soglia;2026-10-05;yahoo;https://www.tradingview.com/symbols/KKR/;
KLA Corporation;KLAC;USA;Apparecchiature semicond.;TEC;USD;203,82;265986,4;237366,249327;181,888957;3,66;6,70539;55,688525;41,95554;0,753397;0,87496;0,901607;0,15381;4;0,92;0,004514;96,88;0,152;0,355741;SCARTA;P/E troppo alto (55.7);2026-10-05;yahoo;https://www.tradingview.com/symbols/KLAC/;
KPN;KPN.AS;Paesi Bassi;Telecomunicazioni;IND;EUR;3,973;14986,6;14986,6;3,973;0,22;0,26973;18,059091;6,53454;0,361842;0,26111;0,232242;0,013869;4;0,19;0,047823;218,133;0,005;0,142832;PASSA;ROE solido, P/E 18.1 nella fascia accettabile;2026-10-05;yahoo;https://www.tradingview.com/symbols/EURONEXT-KPN/;
Kering;KER.PA;Francia;Lusso;CON;EUR;209,25;25657,8;25657,8;209,25;-2,98;9,67309;;1,771713;;-0,01601;0,133798;0,099128;4;3;0,014337;116,567;-0,029;-0,021942;DA COMPLETARE;manca il P/E (EPS assente o negativo);2026-10-05;yahoo;https://www.tradingview.com/symbols/EURONEXT-KER/;
Kimberly-Clark;KMB;USA;Beni per la casa;CON;USD;94,88;31494,5;28105,690138;84,670907;5,07;7,46609;18,714004;18,031166;0,963512;1,04913;2,459705;0,867011;4;5,12;0,053963;348,933;0,006;0,10245;PASSA;ROE solido, P/E 18.7 nella fascia accettabile;2026-10-05;yahoo;https://www.tradingview.com/symbols/KMB/;
Kinder Morgan;KMI;USA;Gasdotti;ENE;USD;31,615;70337,9;62769,538249;28,213224;1,55;1,54454;20,396774;2,223746;0,109024;0,10991;0,086358;0,007167;4;1,18;0,037324;98,619;0,108;0,203637;SCARTA;ROE al 8.6%, sotto la soglia;2026-10-05;yahoo;https://www.tradingview.com/symbols/KMI/;
Kuehne + Nagel;KNIN.SW;Svizzera;Logistica;IND;CHF;220;26127,2;28031,671781;236,036307;7,26;9,51089;30,30303;12,738853;0,420382;0,44268;0,464756;0,105533;4;6;0,027273;196,252;0,076;0,0353;SCARTA;P/E troppo alto (30.3);2026-10-05;yahoo;https://www.tradingview.com/symbols/SIX-KNIN/;
L'Oreal;OR.PA;Francia;Cosmetica;CON;EUR;373,45;198824,5;198824,5;373,45;11,78;14,91514;31,702037;5,875274;0,185328;0,19409;0,197846;0,014962;4;7,2;0,01928;49,316;0,058;0,143156;SCARTA;P/E troppo alto (31.7);2026-10-05;yahoo;https://www.tradingview.com/symbols/EURONEXT-OR/;
LVMH;MC.PA;Francia;Lusso;CON;EUR;380,9;187770,5;187770,5;380,9;21,94;24,61616;17,360985;2,758226;0,158875;0,16586;0,212836;0,040314;4;13;0,03413;53,306;-0,029;0,134605;PASSA;ROE solido, P/E 17.4 nella fascia accettabile;2026-10-05;yahoo;https://www.tradingview.com/symbols/EURONEXT-MC/;
Lam Research;LRCX;USA;Apparecchiature semicond.;TEC;USD;344,185;430721,5;384375,843876;307,150676;5,76;11,76415;59,75434;34,532455;0,577907;0,65066;0,530901;0,050004;4;1,32;0,003835;33,049;0,3;0,312723;SCARTA;P/E troppo alto (59.8);2026-10-05;yahoo;https://www.tradingview.com/symbols/LRCX/;
Legrand;LR.PA;Francia;Materiale elettrico;IND;EUR;143,1;37508,5;37508,5;143,1;4,97;6,86233;28,792757;5,005597;0,173849;0,18209;0,161738;0,009124;4;2,38;0,016632;102,554;0,147;0,138673;SCARTA;P/E troppo alto (28.8);2026-10-05;yahoo;https://www.tradingview.com/symbols/EURONEXT-LR/;
Leonardo;LDO.MI;Italia;Difesa / Aerospazio;IND;EUR;48,3;27859,3;27859,3;48,3;2;2,86097;24,15;2,885822;0,119496;0,11893;0,115228;0,018207;4;0,63;0,013043;41,533;0,167;0,057735;SCARTA;ROE al 11.5%, sotto la soglia;2026-10-05;yahoo;https://www.tradingview.com/symbols/MIL-LDO/;
Linde;LIN;USA;Gas industriali;MAT;USD;484,84;223501,6;199452,816048;432,67119;15,49;19,56559;31,300194;5,718936;0,182712;0,18401;0,153095;0,029885;4;6,4;0,0132;68,947;0,093;0,213147;SCARTA;P/E troppo alto (31.3);2026-10-05;yahoo;https://www.tradingview.com/symbols/LIN/;
Linde plc (Xetra);LIN.DE;Germania;Gas industriali;MAT;EUR;431;198682,4;198682,4;431;;;;5,903893;;0,180363;0,153095;0,029885;4;;;;;;DA COMPLETARE;manca il P/E (EPS assente o negativo);2026-10-05;yahoo;https://www.tradingview.com/symbols/XETR-LIN/;
Lockheed Martin;LMT;USA;Difesa;IND;USD;505,99;116777,8;104212,502559;451,545449;27,13;32,75413;18,650571;13,272912;0,711662;0,89165;0,80502;0,14371;4;13,8;0,027273;234,238;0,105;0,083773;PASSA;ROE solido, P/E 18.7 nella fascia accettabile;2026-10-05;yahoo;https://www.tradingview.com/symbols/LMT/;
Logitech International;LOGN.SW;Svizzera;Periferiche;TEC;CHF;84,5;12099,4;12981,353132;90,6594;4,33;5,0083;19,515012;6,184115;0,31689;0,35288;0,2635;0,061248;4;1,36;0,016095;3,588;0,069;0,165443;PASSA;ROE solido, P/E 19.5 nella fascia accettabile;2026-10-05;yahoo;https://www.tradingview.com/symbols/SIX-LOGN/;
Lonza Group;LONN.SW;Svizzera;Produzione conto terzi farma;SAL;CHF;574,8;40146,5;43072,870845;616,698496;15,09;22,0563;38,091451;4,93929;0,129669;0,12895;0,054319;0,054744;4;5;0,008699;51,116;0,112;0,165518;SCARTA;ROE al 5.4%, sotto la soglia;2026-10-05;yahoo;https://www.tradingview.com/symbols/SIX-LONN/;
Lottomatica Group;LTMC.MI;Italia;Gaming / Concessioni;CON;EUR;24,95;5774;5774;24,95;0,9;2,24474;27,722222;25,908619;0,934579;0,54611;0,566581;0,506881;4;0,44;0,017635;889,71;0,043;0,098034;SCARTA;P/E troppo alto (27.7);2026-10-05;yahoo;https://www.tradingview.com/symbols/MIL-LTMC/;
Lowe's;LOW;USA;Distribuzione specializzata;CON;USD;179,79;100871,9;90018,078238;160,444587;11,83;13,02281;15,197802;-13,561892;-0,892359;;;;0;5;0,02781;;0,083;0,07678;DA COMPLETARE;manca il ROE;2026-10-05;yahoo;https://www.tradingview.com/symbols/LOW/;
MFE-MediaForEurope A;MFEA.MI;Italia;Media / TV;IND;EUR;2,164;1514;1514;2,164;0,19;0,48792;11,389474;0,434625;0,03816;0,05576;0,072152;0,014705;4;0,22;0,101664;88,622;0,945;0,041097;SCARTA;ROE al 5.6%, sotto la soglia;2026-10-05;yahoo;https://www.tradingview.com/symbols/MIL-MFEA/;
MFE-MediaForEurope B;MFEB.MI;Italia;Media / TV;IND;EUR;2,848;1992,5;1992,5;2,848;0,19;0,5222;14,989474;0,572002;0,03816;0,05576;0,072152;0,014705;4;0,22;0,077247;88,622;0,945;0,041097;SCARTA;ROE al 5.6%, sotto la soglia;2026-10-05;yahoo;https://www.tradingview.com/symbols/MIL-MFEB/;Stessa societa' di MFEA, voto multiplo
MTU Aero Engines;MTX.DE;Germania;Aerospazio;IND;EUR;370,3;19948,3;19948,3;370,3;17,25;20,73748;21,466667;4,390978;0,204549;0,22635;0,124302;0,102789;4;3,6;0,009722;55,565;0,167;0,107497;SCARTA;ROE al 12.4%, sotto la soglia;2026-10-05;yahoo;https://www.tradingview.com/symbols/XETR-MTX/;
Maire;MAIRE.MI;Italia;Impiantistica;IND;EUR;12,55;4108,6;4108,6;12,55;0,83;1,02473;15,120482;7,074408;0,467869;0,4877;0,279848;0,072988;4;0,59;0,047012;235,473;0,095;0,039017;PASSA;ROE solido, P/E 15.1 nella fascia accettabile;2026-10-05;yahoo;https://www.tradingview.com/symbols/MIL-MAIRE/;
Marathon Petroleum;MPC;USA;Raffinazione;ENE;USD;434,535;126856,7;113206,912387;387,779011;28,88;49,59792;15,046226;6,44615;0,428423;0,42099;0,337084;0,131828;4;4;0,009205;133,328;0,537;0,064401;PASSA;ROE solido, P/E 15.0 nella fascia accettabile;2026-10-05;yahoo;https://www.tradingview.com/symbols/MPC/;
Marriott International;MAR;USA;Alberghiero;CON;USD;356,28;92905,8;82909,131018;317,944253;9,66;13,15768;36,881988;-20,613283;-0,558898;4,151408;4,151408;;1;2,92;0,008196;;0,111;0,098793;SCARTA;P/E troppo alto (36.9);2026-10-05;yahoo;https://www.tradingview.com/symbols/MAR/;
Marvell Technology;MRVL;USA;Semiconduttori;TEC;USD;271,45;243953,4;217704,001289;242,241966;3,04;6,74936;89,292763;12,843625;0,143837;0,16523;0,011827;0,103294;4;0,24;0,000884;28,525;0,365;0,322151;SCARTA;ROE al 1.2%, sotto la soglia;2026-10-05;yahoo;https://www.tradingview.com/symbols/MRVL/;
Mastercard;MA;USA;Pagamenti;FIN;USD;563,295;493452;440356,538766;502,684428;18,18;23,02481;30,984323;88,069885;2,842401;2,41202;1,77804;0,183255;4;3,48;0,006178;439,583;0,141;0,495776;SCARTA;P/E troppo alto (31.0);2026-10-05;yahoo;https://www.tradingview.com/symbols/MA/;
McDonald's;MCD;USA;Ristorazione;CON;USD;232,12;164257,7;146583,562814;207,143876;12,31;13,81533;18,856214;-160,52559;-8,51314;;;;0;7,72;0,033259;;0,037;0,326837;DA COMPLETARE;manca il ROE;2026-10-05;yahoo;https://www.tradingview.com/symbols/MCD/;
McKesson;MCK;USA;Distribuzione farmaceutica;SAL;USD;916,27;106828,3;95333,569284;817,6793;37,31;50,41448;24,558295;-25,067577;-1,020738;;;;0;3,76;0,004104;;0,077;0,011382;DA COMPLETARE;manca il ROE;2026-10-05;yahoo;https://www.tradingview.com/symbols/MCK/;
Mediobanca;MB.MI;Italia;Banca;FIN;EUR;26;20969,9;20969,9;26;1,51;1,86656;17,218543;1,811216;0,10519;0,091996;0,101771;0,014055;4;1,26;0,048462;;0,151;0,327763;SCARTA;ROE al 9.2%, sotto la soglia;2026-10-05;yahoo;https://www.tradingview.com/symbols/MIL-MB/;Coinvolta nel risiko bancario: verificare se ancora quotata
Medtronic;MDT;USA;Dispositivi medicali;SAL;USD;87,77;112269,9;100189,652837;78,325943;4,07;6,40769;21,565111;2,236634;0,103715;0,10648;0,085085;0,011985;4;2,88;0,032813;55,365;0,137;0,143851;SCARTA;ROE al 8.5%, sotto la soglia;2026-10-05;yahoo;https://www.tradingview.com/symbols/MDT/;
Mercedes-Benz Group;MBG.DE;Germania;Auto;CON;EUR;40,2;38159,1;38159,1;40,2;5,28;6,74821;7,613636;0,405132;0,053211;0,05596;0,122622;0,044741;4;3,5;0,087065;110,208;-0,033;0,038052;SCARTA;ROE al 5.6%, sotto la soglia;2026-10-05;yahoo;https://www.tradingview.com/symbols/XETR-MBG/;
Merck & Co.;MRK;USA;Farmaceutica;SAL;USD;140,275;346082,5;308844,004741;125,181403;1,26;9,46926;111,329365;8,258271;0,074179;0,06961;0,260498;0,146051;4;3,4;0,024238;128,408;0,051;0,048807;SCARTA;ROE al 7.0%, sotto la soglia;2026-10-05;yahoo;https://www.tradingview.com/symbols/MRK/;
Merck KGaA;MRK.DE;Germania;Farmaceutica;SAL;EUR;136,05;59151,5;59151,5;136,05;5,45;8,9146;24,963303;1,955303;0,078327;0,08134;0,104544;0,014833;4;2,2;0,016171;40,618;0,034;0,112312;SCARTA;ROE al 8.1%, sotto la soglia;2026-10-05;yahoo;https://www.tradingview.com/symbols/XETR-MRK/;
MetLife;MET;USA;Assicurazione vita;FIN;USD;96,42;61272,7;54679,754247;86,045203;5,22;11,11833;18,471264;2,240866;0,121316;0,13094;0,127416;0,048116;4;2,37;0,02458;179,933;0,105;0,045483;SCARTA;ROE al 12.7%, sotto la soglia;2026-10-05;yahoo;https://www.tradingview.com/symbols/MET/;
Meta Platforms;META;USA;Internet / Pubblicita';TEC;USD;744,185;1895815,8;1691825,919899;664,110655;26,54;34,90593;28,040128;7,258925;0,258876;0,29848;0,264887;0,056097;4;2,1;0,002822;42,997;0,28;0,338853;SCARTA;P/E troppo alto (28.0);2026-10-05;yahoo;https://www.tradingview.com/symbols/META/;
Michelin;ML.PA;Francia;Pneumatici;IND;EUR;33,31;;;33,31;;;;0,397143;;0,092131;0,105169;0,00939;4;;;;;;DA COMPLETARE;manca il P/E (EPS assente o negativo);2026-10-05;yahoo;https://www.tradingview.com/symbols/EURONEXT-ML/;
Micron Technology;MU;USA;Semiconduttori / Memorie;TEC;USD;1066,615;1204627,7;1075009,695925;951,84717;74,33;205,95447;14,349724;11,955557;0,833156;0,8826;0,054186;0,123676;4;0,6;0,000563;3,743;3,793;2,273236;SCARTA;ROE al 5.4%, sotto la soglia;2026-10-05;yahoo;https://www.tradingview.com/symbols/MU/;
Microsoft;MSFT;USA;Software / Cloud;TEC;USD;525,33;3900862,1;3481129,132236;468,804464;17,95;23,64732;29,266295;8,819442;0,301352;0,34039;0,319494;0,021721;4;3,92;0,007462;29,118;0,177;0,403054;SCARTA;P/E troppo alto (29.3);2026-10-05;yahoo;https://www.tradingview.com/symbols/MSFT/;
Moderna;MRNA;USA;Biotecnologie;SAL;USD;200,385;79975;71369,685781;178,823563;-7,98;-4,45074;;11,821789;;-0,38998;-0,138975;0,332745;4;;;19,036;0,021;-1,639438;DA COMPLETARE;manca il P/E (EPS assente o negativo);2026-10-05;yahoo;https://www.tradingview.com/symbols/MRNA/;
Moncler;MONC.MI;Italia;Lusso;CON;EUR;43,79;11910,4;11910,4;43,79;2,35;2,55685;18,634043;3,264257;0,175177;0,18122;0,185135;0,016921;4;1,4;0,031971;33,88;0,052;0,20367;PASSA;ROE solido, P/E 18.6 nella fascia accettabile;2026-10-05;yahoo;https://www.tradingview.com/symbols/MIL-MONC/;
Mondadori Editore;MN.MI;Italia;Editoria / Media;IND;EUR;2,03;529,5;529,5;2,03;0,2;0,23706;10,15;1,818996;0,179211;0,18361;0,192712;0,019469;4;0,15;0,073892;129,372;0,089;0,055789;PASSA FORTE;ROE 18.4% / 19.3% con P/E 10.1;2026-10-05;yahoo;https://www.tradingview.com/symbols/MIL-MN/;
Mondelez International;MDLZ;USA;Alimentare;CON;USD;58,115;74599,3;66572,411384;51,861823;2,72;3,3628;21,365809;2,793588;0,13075;0,1334;0,135542;0,037667;4;2,08;0,035791;82,643;0,041;0,091237;SCARTA;ROE al 13.3%, sotto la soglia;2026-10-05;yahoo;https://www.tradingview.com/symbols/MDLZ/;
Moody's;MCO;USA;Dati e rating;FIN;USD;447,435;77487,2;69149,573192;399,29097;15,76;18,9289;28,390546;25,61602;0,902273;0,76932;0,553406;0,045361;4;4,12;0,009208;240,682;0,151;0,36214;SCARTA;P/E troppo alto (28.4);2026-10-05;yahoo;https://www.tradingview.com/symbols/MCO/;
Morgan Stanley;MS;USA;Banca d'investimento;FIN;USD;190,125;298603,9;266474,104606;169,66754;12,38;13,61064;15,357431;2,804162;0,182593;0,1797;0,120262;0,021934;4;4,6;0,024195;517,282;0,28;0,296319;SCARTA;ROE al 12.0%, sotto la soglia;2026-10-05;yahoo;https://www.tradingview.com/symbols/MS/;
Munich Re;MUV2.DE;Germania;Riassicurazione;FIN;EUR;510,4;64215,7;64215,7;510,4;53,29;51,65834;9,577782;1,913402;0,199775;0,21299;0,177346;0,014934;4;24;0,047022;24,378;0,013;0,110255;PASSA FORTE;ROE 21.3% / 17.7% con P/E 9.6;2026-10-05;yahoo;https://www.tradingview.com/symbols/XETR-MUV2/;
NN Group;NN.AS;Paesi Bassi;Assicurazione;FIN;EUR;76,94;20007,4;20007,4;76,94;6,78;8,88845;11,348083;0,958264;0,084443;0,08754;0,065802;0,009869;4;4,05;0,052638;62,156;-0,045;0,207954;SCARTA;ROE al 6.6%, sotto la soglia;2026-10-05;yahoo;https://www.tradingview.com/symbols/EURONEXT-NN/;
NVIDIA;NVDA;USA;Semiconduttori;TEC;USD;237,06;5724166,9;5108246,23956;211,552331;7,91;15,79923;29,969659;24,99789;0,834107;1,17211;0,643037;0,26986;4;1;0,004218;16,971;1,059;0,893219;SCARTA;P/E troppo alto (30.0);2026-10-05;yahoo;https://www.tradingview.com/symbols/NVDA/;
Nestle;NESN.SW;Svizzera;Alimentare;CON;CHF;74,48;191578,9;205543,527241;79,909019;2,89;4,82053;25,771626;6,556338;0,254401;0,26244;0,27819;0,03596;4;3,1;0,041622;213,005;-0,025;0,082772;SCARTA;P/E troppo alto (25.8);2026-10-05;yahoo;https://www.tradingview.com/symbols/SIX-NESN/;
Netflix;NFLX;USA;Streaming;CON;USD;66,715;277797,2;247906,206624;59,536462;3,18;3,80945;20,97956;9,213506;0,439166;0,49541;0,310882;0,076373;4;;;55,236;0,134;0,302097;SCARTA;P/E troppo alto (21.0);2026-10-05;yahoo;https://www.tradingview.com/symbols/NFLX/;
Nexi;NEXI.MI;Italia;Pagamenti / Tech;TEC;EUR;4,044;4750,6;4750,6;4,044;-2,8;0,66339;;0,698566;;-0,3861;-0,135264;0,202525;4;0,3;0,074184;86,669;0,016;-0,536181;DA COMPLETARE;manca il P/E (EPS assente o negativo);2026-10-05;yahoo;https://www.tradingview.com/symbols/MIL-NEXI/;
NextEra Energy;NEE;USA;Utility / Rinnovabili;UTI;USD;76,815;160205,8;142967,647468;68,549702;4,45;4,38998;17,261798;2,804696;0,16248;0,11677;0,130879;0,017753;4;2,49;0,032416;161,676;0,124;0,339231;SCARTA;ROE al 11.7%, sotto la soglia;2026-10-05;yahoo;https://www.tradingview.com/symbols/NEE/;
Nike;NKE;USA;Abbigliamento sportivo;CON;USD;33,603;49853;44488,81457;29,987315;2,1;1,76745;16,001429;3,352454;0,20951;0,21563;0,302439;0,077937;4;1,64;0,048805;73,095;-0,043;0,066662;PASSA;ROE solido, P/E 16.0 nella fascia accettabile;2026-10-05;yahoo;https://www.tradingview.com/symbols/NKE/;
Norfolk Southern;NSC;USA;Ferrovie;IND;USD;317,91;71405,2;63721,996713;283,702867;11,72;14,29668;27,125427;4,393328;0,161963;0,16985;0,191958;0,041033;4;5,4;0,016986;105,519;0,114;0,216174;SCARTA;P/E troppo alto (27.1);2026-10-05;yahoo;https://www.tradingview.com/symbols/NSC/;
Northrop Grumman;NOC;USA;Difesa;IND;USD;478,16;67928,9;60619,746776;426,709959;31,46;30,45321;15,198983;3,798297;0,249905;0,26958;0,245628;0,06642;4;9,88;0,020663;95,348;0,051;0,107165;PASSA;ROE solido, P/E 15.2 nella fascia accettabile;2026-10-05;yahoo;https://www.tradingview.com/symbols/NOC/;
Novartis;NOVN.SW;Svizzera;Farmaceutica;SAL;CHF;116,48;221395,3;237533,313306;124,970495;5,25;8,20569;22,186667;6,457882;0,29107;0,3035;0,252415;0,079897;4;3,7;0,031765;116,85;0,008;0,225094;SCARTA;P/E troppo alto (22.2);2026-10-05;yahoo;https://www.tradingview.com/symbols/SIX-NOVN/;
Nucor;NUE;USA;Acciaio;MAT;USD;251,98;57168,1;51016,809424;224,866939;12,54;20,0084;20,094099;2,585736;0,128681;0,14549;0,203093;0,131598;4;2,24;0,00889;30,512;0,23;0,088416;SCARTA;ROE al 14.5%, sotto la soglia;2026-10-05;yahoo;https://www.tradingview.com/symbols/NUE/;
Occidental Petroleum;OXY;USA;Esplorazione e produzione;ENE;USD;59,08;59058,6;52703,891524;52,722989;3,52;4,08618;16,784091;1,765216;0,105172;0,10629;0,187867;0,150538;4;1,12;0,018957;34,511;0,534;0,157412;SCARTA;ROE al 10.6%, sotto la soglia;2026-10-05;yahoo;https://www.tradingview.com/symbols/OXY/;
Oracle;ORCL;USA;Software / Cloud;TEC;USD;143,45;434868,8;388076,894177;128,014772;6,38;10,99719;22,484326;11,000767;0,489264;0,41192;2,534366;3,125849;4;2;0,013942;251,716;0,296;0,27816;SCARTA;P/E troppo alto (22.5);2026-10-05;yahoo;https://www.tradingview.com/symbols/ORCL/;
Orange;ORA.PA;Francia;Telecomunicazioni;IND;EUR;14,03;37288,6;37288,6;14,03;1,07;1,1465;13,11215;1,171705;0,08936;0,14163;0,05906;0,023886;4;0,75;0,053457;161,477;0,055;0,098374;SCARTA;ROE al 5.9%, sotto la soglia;2026-10-05;yahoo;https://www.tradingview.com/symbols/EURONEXT-ORA/;
PACCAR;PCAR;USA;Veicoli industriali;IND;USD;109,89;57842,2;51618,376228;98,06583;4,75;7,2246;23,134737;2,846375;0,123035;0,12756;0,219882;0,060416;4;1,4;0,01274;72,91;0,005;0,088037;SCARTA;ROE al 12.8%, sotto la soglia;2026-10-05;yahoo;https://www.tradingview.com/symbols/PCAR/;
Palantir;PLTR;USA;Software / Dati;TEC;USD;188,1051;452027,5;403389,317152;167,864981;1,16;2,34416;162,159569;46,240192;0,285152;0,38097;0,056763;0,131246;4;;;2,139;0,928;0,674054;SCARTA;ROE al 5.7%, sotto la soglia;2026-10-05;yahoo;https://www.tradingview.com/symbols/PLTR/;
Palo Alto Networks;PANW;USA;Cybersicurezza;TEC;USD;404,555;330926;295318,344941;361,024861;0,4;4,87907;1011,3875;11,992855;0,011858;0,01739;0,226567;0,178693;4;;;9,337;0,345;0,026742;SCARTA;ROE al 1.7%, sotto la soglia;2026-10-05;yahoo;https://www.tradingview.com/symbols/PANW/;
Parker Hannifin;PH;USA;Componenti industriali;IND;USD;980,26;123623;110321,158678;874,783972;28,48;39,3294;34,419242;8,024591;0,233143;0,25076;0,233048;0,020183;4;8;0,008161;56,66;0,098;0,169682;SCARTA;P/E troppo alto (34.4);2026-10-05;yahoo;https://www.tradingview.com/symbols/PH/;
Partners Group;PGHN.SW;Svizzera;Private equity;FIN;CHF;605,2;15604;16741,411497;649,314422;45,8;46,04839;13,213974;10,647431;0,805771;0,75392;0,468216;0,066036;4;46;0,076008;192,836;-0,074;0,48131;PASSA FORTE;ROE 75.4% / 46.8% con P/E 13.2;2026-10-05;yahoo;https://www.tradingview.com/symbols/SIX-PGHN/;
PayPal;PYPL;USA;Pagamenti;FIN;USD;53,885;46448,9;41450,995909;48,086971;5,29;5,78532;10,1862;2,343539;0,23007;0,24497;0,195619;0,049623;4;0,56;0,010393;71,751;0,048;0,147775;PASSA FORTE;ROE 24.5% / 19.6% con P/E 10.2;2026-10-05;yahoo;https://www.tradingview.com/symbols/PYPL/;
PepsiCo;PEP;USA;Bevande e snack;CON;USD;125,205;171030;152627,162977;111,732935;7,63;8,92193;16,409567;7,739692;0,471657;0,51508;0,486169;0,049796;4;5,92;0,047282;238,949;0,064;0,11127;PASSA;ROE solido, P/E 16.4 nella fascia accettabile;2026-10-05;yahoo;https://www.tradingview.com/symbols/PEP/;
Pernod Ricard;RI.PA;Francia;Bevande;CON;EUR;58,04;14615,3;14615,3;58,04;4,77;5,96047;12,167715;0,943924;0,077576;0,07563;0,105536;0,024467;4;4,7;0,080979;76,644;-0,132;0,127938;SCARTA;ROE al 7.6%, sotto la soglia;2026-10-05;yahoo;https://www.tradingview.com/symbols/EURONEXT-RI/;
Pfizer;PFE;USA;Farmaceutica;SAL;USD;27,37;156000,1;139214,48101;24,424987;0,76;2,89684;36,013158;1,831014;0,050843;0,05014;0,133167;0,115704;4;1,72;0,062843;74,253;0,026;0,069336;SCARTA;ROE al 5.0%, sotto la soglia;2026-10-05;yahoo;https://www.tradingview.com/symbols/PFE/;
Philip Morris International;PM;USA;Tabacco;CON;USD;189,59;295497,5;263701,95341;169,190106;6,96;9,19078;27,239943;-34,427094;-1,263846;;;;0;6,4;0,033757;;0,104;0,266778;DA COMPLETARE;manca il ROE;2026-10-05;yahoo;https://www.tradingview.com/symbols/PM/;
Philips;PHIA.AS;Paesi Bassi;Dispositivi medicali;SAL;EUR;21,25;20770,3;20770,3;21,25;1,15;1,68169;18,478261;1,814533;0,098198;0,10154;-0,034225;0,073547;4;0,85;0,04;65,049;0,005;0,062241;SCARTA;ROE al -3.4%, sotto la soglia;2026-10-05;yahoo;https://www.tradingview.com/symbols/EURONEXT-PHIA/;
Phillips 66;PSX;USA;Raffinazione;ENE;USD;269,43;107508,2;95940,312008;240,439318;17,5;26,21456;15,396;3,41232;0,221637;0,23453;0,207932;0,109824;4;5,08;0,018855;62,884;0,531;0,053522;PASSA;ROE solido, P/E 15.4 nella fascia accettabile;2026-10-05;yahoo;https://www.tradingview.com/symbols/PSX/;
Pirelli & C.;PIRC.MI;Italia;Componentistica auto;IND;EUR;6,63;7192,8;7192,8;6,63;0,5;0,58089;13,26;1,124491;0,084803;0,09134;0,081555;0,003416;4;0,24;0,036199;46,887;0,005;0,076366;SCARTA;ROE al 8.2%, sotto la soglia;2026-10-05;yahoo;https://www.tradingview.com/symbols/MIL-PIRC/;
Porsche AG;P911.DE;Germania;Auto di lusso;CON;EUR;42,98;39154,8;39154,8;42,98;0,92;1,98139;46,717391;1,713238;0,036672;0,02861;0,175986;0,102802;4;1,01;0,023499;50,953;-0,051;0,023242;SCARTA;ROE al 2.9%, sotto la soglia;2026-10-05;yahoo;https://www.tradingview.com/symbols/XETR-P911/;
Porsche Automobil Holding;PAH3.DE;Germania;Holding;FIN;EUR;24,46;7490,9;7490,9;24,46;0,31;13,85479;78,903226;0,209676;0,002657;0,0027;-0,075657;0,285776;4;1,51;0,061733;19,333;;0,034634;SCARTA;ROE al -7.6%, sotto la soglia;2026-10-05;yahoo;https://www.tradingview.com/symbols/XETR-PAH3/;
Poste Italiane;PST.MI;Italia;Servizi finanziari;FIN;EUR;24,68;37216,9;37216,9;24,68;1,85;1,98583;13,340541;2,488656;0,186548;0,18174;0,179941;0,015492;4;1,25;0,050648;631,496;0,034;0,103195;PASSA FORTE;ROE 18.2% / 18.0% con P/E 13.3;2026-10-05;yahoo;https://www.tradingview.com/symbols/MIL-PST/;
Procter & Gamble;PG;USA;Beni per la casa;CON;USD;145,56;338344,5;301938,613949;129,897736;6,62;7,39908;21,987915;6,343313;0,288491;0,3029;0,303241;0,007282;4;4,35;0,029885;64,49;0,015;0,181014;SCARTA;P/E troppo alto (22.0);2026-10-05;yahoo;https://www.tradingview.com/symbols/PG/;
Progressive;PGR;USA;Assicurazione;FIN;USD;210,4567;122149,1;109005,850396;187,811548;19,94;16,23705;10,554498;3,561449;0,337434;0,34943;0,235551;0,1285;4;0,4;0,001901;24,428;0,073;0,133448;PASSA FORTE;ROE 34.9% / 23.6% con P/E 10.6;2026-10-05;yahoo;https://www.tradingview.com/symbols/PGR/;
Prologis;PLD;USA;REIT / Logistica;IMM;USD;129,11;125506,7;112002,172458;115,217757;4,5;3,33333;28,691111;2,244806;0,07824;0,07749;0,063116;0,004129;4;4,28;0,03315;63,823;0,123;0,478087;SCARTA;ROE al 6.3%, sotto la soglia;2026-10-05;yahoo;https://www.tradingview.com/symbols/PLD/;
Prosus;PRX.AS;Paesi Bassi;Holding tecnologica;FIN;EUR;35,285;73823,1;73823,1;35,285;4,51;4,325;7,823725;1,631606;0,208546;0,22213;0,211384;0,031004;4;0,28;0,007935;32,874;;1,200309;PASSA FORTE;ROE 22.2% / 21.1% con P/E 7.8;2026-10-05;yahoo;https://www.tradingview.com/symbols/EURONEXT-PRX/;
Prysmian;PRY.MI;Italia;Cavi / Elettrificazione;IND;EUR;128,05;38322;38322;128,05;4,7;6,12861;27,244681;5,276061;0,193655;0,22361;0,154993;0,023807;4;0,9;0,007029;74,976;0,226;0,069364;SCARTA;P/E troppo alto (27.2);2026-10-05;yahoo;https://www.tradingview.com/symbols/MIL-PRY/;
Publicis Groupe;PUB.PA;Francia;Pubblicita';CON;EUR;94,18;23518,7;23518,7;94,18;6,42;8,54727;14,669782;2,235833;0,152411;0,16179;0,142297;0,012469;4;3,75;0,039817;51,925;0,03;0,093224;SCARTA;ROE al 14.2%, sotto la soglia;2026-10-05;yahoo;https://www.tradingview.com/symbols/EURONEXT-PUB/;
Puma;PUM.DE;Germania;Abbigliamento sportivo;CON;EUR;21,85;3216,5;3216,5;21,85;-3,01;0,28202;;1,759543;;-0,22574;-0,00114;0,211543;4;0,61;0,027918;145,367;-0,097;-0,062375;DA COMPLETARE;manca il P/E (EPS assente o negativo);2026-10-05;yahoo;https://www.tradingview.com/symbols/XETR-PUM/;
Qiagen;QIA.DE;Germania;Diagnostica;SAL;EUR;40,185;8298;8298;40,185;1,69;2,2367;23,778107;2,781639;0,116983;0,11928;0,086901;0,038492;4;0,31;0,007714;49,25;0,003;0,195845;SCARTA;ROE al 8.7%, sotto la soglia;2026-10-05;yahoo;https://www.tradingview.com/symbols/XETR-QIA/;
Qualcomm;QCOM;USA;Semiconduttori;TEC;USD;181,85;194226,8;173327,986073;162,28293;8,64;10,19665;21,047454;6,949593;0,330187;0,33754;0,42514;0,174883;4;3,68;0,020236;55,21;-0,04;0,209105;SCARTA;P/E troppo alto (21.0);2026-10-05;yahoo;https://www.tradingview.com/symbols/QCOM/;
RCS MediaGroup;RCS.MI;Italia;Editoria / Media;IND;EUR;0,834;431,5;431,5;0,834;0,11;0,11;7,581818;0,938133;0,123735;0,1198;0,131346;0,008354;4;0,07;0,083933;29,396;0,004;0,068427;SCARTA;ROE al 12.0%, sotto la soglia;2026-10-05;yahoo;https://www.tradingview.com/symbols/MIL-RCS/;
RTX Corporation;RTX;USA;Difesa / Aerospazio;IND;USD;184,86;249146,6;222338,412695;164,969054;5,68;7,85736;32,545775;3,753503;0,11533;0,12274;0,076881;0,017862;4;2,92;0,015796;57,02;0,145;0,087333;SCARTA;ROE al 7.7%, sotto la soglia;2026-10-05;yahoo;https://www.tradingview.com/symbols/RTX/;
RWE;RWE.DE;Germania;Utility / Generazione;UTI;EUR;58,6;45707,1;45707,1;58,6;4,51;3,33641;12,993348;1,051008;0,080888;0,08547;0,099913;0,041228;4;1,2;0,020478;50,366;-0,091;0,183458;SCARTA;ROE al 8.5%, sotto la soglia;2026-10-05;yahoo;https://www.tradingview.com/symbols/XETR-RWE/;
Randstad;RAND.AS;Paesi Bassi;Servizi per il lavoro;IND;EUR;34,65;6079,4;6079,4;34,65;1,78;2,89977;19,466292;1,557794;0,080025;0,0831;0,106586;0,060007;4;1,62;0,046753;53,49;0,018;0,013563;SCARTA;ROE al 8.3%, sotto la soglia;2026-10-05;yahoo;https://www.tradingview.com/symbols/EURONEXT-RAND/;
Realty Income;O;USA;REIT / Retail;IMM;USD;54,045;51138,4;45635,905462;48,229755;1,38;1,55302;39,163043;1,293004;0,033016;0,03225;0,026441;0,002881;4;3,26;0,06032;74,722;0,096;0,220472;SCARTA;ROE al 2.6%, sotto la soglia;2026-10-05;yahoo;https://www.tradingview.com/symbols/O/;
Recordati;REC.MI;Italia;Farmaceutica;SAL;EUR;52,2;10691,2;10691,2;52,2;2,38;3,7615;21,932773;5,017784;0,22878;0,24852;0,22145;0,01182;4;1,42;0,027203;108,586;0,083;0,189879;SCARTA;P/E troppo alto (21.9);2026-10-05;yahoo;https://www.tradingview.com/symbols/MIL-REC/;
Regeneron;REGN;USA;Biotecnologie;SAL;USD;723,68;74506,5;66489,596669;645,811994;40,44;61,47312;17,895153;2,289322;0,12793;0,14043;0,159523;0,018659;4;3,76;0,005196;8,535;0,167;0,301801;SCARTA;ROE al 14.0%, sotto la soglia;2026-10-05;yahoo;https://www.tradingview.com/symbols/REGN/;
Renault;RNO.PA;Francia;Auto;CON;EUR;25,26;7309,6;7309,6;25,26;3,27;6,77588;7,724771;0,356297;0,046124;0,05003;-0,109824;0,242073;4;2,2;0,087094;327,722;0,094;0,01635;SCARTA;ROE al -11.0%, sotto la soglia;2026-10-05;yahoo;https://www.tradingview.com/symbols/EURONEXT-RNO/;
Rheinmetall;RHM.DE;Germania;Difesa;IND;EUR;980,2;45744;45744;980,2;25,75;53,39422;38,066019;9,199782;0,24168;0,25688;0,161354;0,014111;4;11,5;0,011732;51,63;0,688;0,121792;SCARTA;P/E troppo alto (38.1);2026-10-05;yahoo;https://www.tradingview.com/symbols/XETR-RHM/;
Risanamento;RN.MI;Italia;Immobiliare;IMM;EUR;0,041;73,8;73,8;0,041;-0,01;;;;;-2,12318;-2,631413;3,822302;4;;;;369,333;-193,201493;DA COMPLETARE;manca il P/E (EPS assente o negativo);2026-10-05;yahoo;https://www.tradingview.com/symbols/MIL-RN/;
Roche Holding;ROG.SW;Svizzera;Farmaceutica;SAL;;;;;;;;;;;;;;;;;;;;DA COMPLETARE;mai scaricato: lancia l'aggiornamento;2000-01-01;mai scaricato;https://www.tradingview.com/symbols/SIX-ROG/;
S&P Global;SPGI;USA;Dati e rating;FIN;USD;388,86;114635,9;102301,071112;347,018643;16,43;20,21738;23,667681;3,639137;0,15376;0,14255;0,106462;0,025753;4;3,88;0,009978;42,98;0,104;0,321009;SCARTA;ROE al 10.6%, sotto la soglia;2026-10-05;yahoo;https://www.tradingview.com/symbols/SPGI/;
SAP;SAP.DE;Germania;Software;TEC;EUR;185,04;213574;213574;185,04;6,68;8,36848;27,700599;4,773378;0,17232;0,18321;0,107112;0,044988;4;2,5;0,013511;21,966;0,094;0,211848;SCARTA;ROE al 10.7%, sotto la soglia;2026-10-05;yahoo;https://www.tradingview.com/symbols/XETR-SAP/;
SGS;SGSN.SW;Svizzera;Ispezione e certificazione;IND;CHF;94;18591,8;19946,99912;100,851876;3,4;4,50584;27,647059;18,445839;0,66719;0,76313;0,884336;0,192191;4;3,2;0,034043;464,47;0,076;0,095464;SCARTA;P/E troppo alto (27.6);2026-10-05;yahoo;https://www.tradingview.com/symbols/SIX-SGSN/;
SLB (Schlumberger);SLB;USA;Oil service;ENE;USD;50,465;74891,8;66833,438369;45,034963;2,07;3,20943;24,379227;2,872342;0,117819;0,12909;0,185776;0,03324;4;1,18;0,023383;47,002;0,05;0,086843;SCARTA;ROE al 12.9%, sotto la soglia;2026-10-05;yahoo;https://www.tradingview.com/symbols/SLB/;
STMicroelectronics;STMMI.MI;Italia;Semiconduttori;TEC;EUR;50,86;45370;45370;50,86;0,03;1,42;1695,333333;2,991473;0,001765;0,02686;0,165561;0,121555;4;0,32;0,006292;23,446;0,261;0,039492;SCARTA;ROE al 2.7%, sotto la soglia;2026-10-05;yahoo;https://www.tradingview.com/symbols/MIL-STMMI/;Bilancio in USD
Safran;SAF.PA;Francia;Aerospazio;IND;EUR;329,8;136661,1;136661,1;329,8;9,31;12,93614;35,424275;9,421511;0,265962;0,2749;0,119851;0,285065;4;3,35;0,010158;33,745;0,16;0,124467;SCARTA;ROE al 12.0%, sotto la soglia;2026-10-05;yahoo;https://www.tradingview.com/symbols/EURONEXT-SAF/;
Saint-Gobain;SGO.PA;Francia;Materiali da costruzione;MAT;EUR;66,12;32290,4;32290,4;66,12;5,39;6,79318;12,267161;1,27389;0,103846;0,11039;0,119384;0,007576;4;2,3;0,034785;66,318;-0,011;0,057462;SCARTA;ROE al 11.0%, sotto la soglia;2026-10-05;yahoo;https://www.tradingview.com/symbols/EURONEXT-SGO/;
Saipem;SPM.MI;Italia;Oil service;ENE;EUR;4,455;8644;8644;4,455;0,13;0,30143;34,269231;3,737416;0,10906;0,10851;0,053125;0,090876;4;0,17;0,038159;128,967;0,035;0,017221;SCARTA;ROE al 5.3%, sotto la soglia;2026-10-05;yahoo;https://www.tradingview.com/symbols/MIL-SPM/;
Salesforce;CRM;USA;Software;TEC;USD;228,815;188314,7;168052,028345;204,194494;10,93;16,0207;20,934584;4,906824;0,234388;0,19381;0,075074;0,045926;4;1,76;0,007692;110,417;0,108;0,232679;SCARTA;ROE al 7.5%, sotto la soglia;2026-10-05;yahoo;https://www.tradingview.com/symbols/CRM/;
Salvatore Ferragamo;SFER.MI;Italia;Lusso;CON;EUR;6,805;1121,3;1121,3;6,805;0,06;0,17709;113,416667;1,923403;0,016959;0,01652;-0,016214;0,083534;4;;;111,111;-0,013;0,00993;SCARTA;ROE al -1.6%, sotto la soglia;2026-10-05;yahoo;https://www.tradingview.com/symbols/MIL-SFER/;
Sanofi;SAN.PA;Francia;Farmaceutica;SAL;EUR;69,99;83852,8;83852,8;69,99;3,25;9,08803;21,535385;1,211633;0,056262;0,05709;0,091517;0,019207;4;4,12;0,058866;33,89;0,146;0,084318;SCARTA;ROE al 5.7%, sotto la soglia;2026-10-05;yahoo;https://www.tradingview.com/symbols/EURONEXT-SAN/;
Sartorius VZ;SRT3.DE;Germania;Strumentazione life science;SAL;EUR;251,6;17373,6;17373,6;251,6;2,83;6,33119;88,904594;6,418531;0,072196;0,07179;0,131956;0,123055;4;0,74;0,002941;101,366;0,031;0,055425;SCARTA;ROE al 7.2%, sotto la soglia;2026-10-05;yahoo;https://www.tradingview.com/symbols/XETR-SRT3/;
Schneider Electric;SU.PA;Francia;Elettrificazione;IND;EUR;272,8;153668,6;153668,6;272,8;8,32;12,30419;32,788462;6,270832;0,191251;0,1862;0,150001;0,013821;4;4,2;0,015396;84,124;0,098;0,118002;SCARTA;P/E troppo alto (32.8);2026-10-05;yahoo;https://www.tradingview.com/symbols/EURONEXT-SU/;
Sempra;SRE;USA;Utility;UTI;USD;78,49;51324,6;45802,070332;70,044472;3,46;5,53974;22,684971;1,569926;0,069206;0,06679;0,083926;0,017969;4;2,63;0,033507;84,663;-0,001;0,165085;SCARTA;ROE al 6.7%, sotto la soglia;2026-10-05;yahoo;https://www.tradingview.com/symbols/SRE/;
ServiceNow;NOW;USA;Software;TEC;USD;135,5;140088,3;125014,791529;120,920193;1,6;5,00551;84,6875;11,192797;0,132166;0,14244;0,143662;0,057631;4;;;67,538;0,24;0,125772;SCARTA;ROE al 14.2%, sotto la soglia;2026-10-05;yahoo;https://www.tradingview.com/symbols/NOW/;
Sherwin-Williams;SHW;USA;Vernici;MAT;USD;319,415;77540,6;69197,227349;285,045929;10,85;13,5742;29,439171;19,997185;0,679271;0,65124;0,628634;0,041005;4;3,2;0,010018;389,958;0,075;0,114031;SCARTA;P/E troppo alto (29.4);2026-10-05;yahoo;https://www.tradingview.com/symbols/SHW/;
Siemens;SIE.DE;Germania;Conglomerata industriale;IND;EUR;275;210502,4;210502,4;275;10;12,94195;27,5;3,118409;0,113397;0,12466;0,139746;0,036962;4;5,35;0,019455;66,425;0,073;0,099729;SCARTA;ROE al 12.5%, sotto la soglia;2026-10-05;yahoo;https://www.tradingview.com/symbols/XETR-SIE/;
Siemens Energy;ENR.DE;Germania;Elettrificazione / Energia;IND;EUR;145,46;123764,4;123764,4;145,46;3,1;6,22158;46,922581;11,538034;0,245895;0,27749;-0,073132;0,273538;4;0,7;0,004812;26,488;0,175;0,06889;SCARTA;ROE al -7.3%, sotto la soglia;2026-10-05;yahoo;https://www.tradingview.com/symbols/XETR-ENR/;
Siemens Healthineers;SHL.DE;Germania;Dispositivi medicali;SAL;EUR;37,45;41914;41914;37,45;1,97;2,37366;19,010152;2,185968;0,11499;0,12147;0,097636;0,010156;3;1;0,026702;78,296;0,018;0,098958;SCARTA;ROE al 9.8%, sotto la soglia;2026-10-05;yahoo;https://www.tradingview.com/symbols/XETR-SHL/;
Sika;SIKA.SW;Svizzera;Chimica per costruzioni;MAT;CHF;175;28076,9;30123,489904;187,756153;6,48;8,30414;27,006173;4,120265;0,152568;0,16042;0,186851;0,028646;4;3,7;0,021143;89,155;-0,015;0,09298;SCARTA;P/E troppo alto (27.0);2026-10-05;yahoo;https://www.tradingview.com/symbols/SIX-SIKA/;
Simon Property Group;SPG;USA;REIT / Centri commerciali;IMM;USD;202,2181;76766,7;68506,59903;180,459422;14,17;6,77333;14,270861;14,889779;1,043369;1,20508;0,782852;0,07531;4;8,9;0,044012;503,504;0,195;0,725453;PASSA FORTE;ROE 120.5% / 78.3% con P/E 14.3;2026-10-05;yahoo;https://www.tradingview.com/symbols/SPG/;
Snam;SRG.MI;Italia;Utility / Reti;UTI;EUR;5,538;18587,8;18587,8;5,538;0,33;0,43696;16,781818;2,246653;0,133874;0,1238;0,12925;0,023103;4;0,3;0,054171;234,16;0,097;0,288941;SCARTA;ROE al 12.4%, sotto la soglia;2026-10-05;yahoo;https://www.tradingview.com/symbols/MIL-SRG/;
Societe Generale;GLE.PA;Francia;Banca;FIN;EUR;65,99;47821,3;47821,3;65,99;7,79;9,17828;8,471117;0,673519;0,079508;0,09453;0,052597;0,022363;4;1,61;0,024398;;0,041;0,108694;SCARTA;ROE al 5.3%, sotto la soglia;2026-10-05;yahoo;https://www.tradingview.com/symbols/EURONEXT-GLE/;
Sonova Holding;SOON.SW;Svizzera;Apparecchi acustici;SAL;CHF;251,6;14946,2;16035,66294;269,939703;9,01;11,96456;27,924528;5,717922;0,204763;0,20524;0,225882;0,047521;4;4,7;0,01868;64,938;;0,14895;SCARTA;P/E troppo alto (27.9);2026-10-05;yahoo;https://www.tradingview.com/symbols/SIX-SOON/;
Southern Company;SO;USA;Utility;UTI;USD;84,27;96941,1;86510,232526;75,202544;4,15;4,92321;20,306024;2,449852;0,120647;0,11483;0,123939;0,00614;4;3,04;0,036075;182,058;0,001;0,157615;SCARTA;ROE al 11.5%, sotto la soglia;2026-10-05;yahoo;https://www.tradingview.com/symbols/SO/;
Starbucks;SBUX;USA;Ristorazione;CON;USD;94,41;107627,4;96046,686082;84,251479;1,73;3,12013;54,572254;-14,021982;-0,256943;;;;0;2,48;0,026268;;-0,014;0,053323;DA COMPLETARE;manca il ROE;2026-10-05;yahoo;https://www.tradingview.com/symbols/SBUX/;
Stellantis;STLAM.MI;Italia;Auto;IND;EUR;3,9845;11558,8;11558,8;3,9845;-7,49;1,0642;;0,20562;;-0,28694;0,027564;0,265601;4;0;;84,387;0,131;-0,126847;DA COMPLETARE;manca il P/E (EPS assente o negativo);2026-10-05;yahoo;https://www.tradingview.com/symbols/MIL-STLAM/;
Straumann Holding;STMN.SW;Svizzera;Implantologia dentale;SAL;CHF;91,5;14589,7;15653,176834;98,169646;2,31;3,85544;39,61039;6,378529;0,161032;0,17048;0,180977;0,036932;4;1;0,010929;20,764;0,023;0,141697;SCARTA;P/E troppo alto (39.6);2026-10-05;yahoo;https://www.tradingview.com/symbols/SIX-STMN/;
Stryker;SYK;USA;Dispositivi medicali;SAL;USD;283,075;108579,9;96896,697031;252,616115;9,65;16,71884;29,334197;4,526448;0,154306;0,16508;0,150493;0,011459;4;3,52;0,012435;64,391;0,094;0,148471;SCARTA;P/E troppo alto (29.3);2026-10-05;yahoo;https://www.tradingview.com/symbols/SYK/;
Swiss Life Holding;SLHN.SW;Svizzera;Assicurazione vita;FIN;CHF;898,4;25106,2;26936,248739;963,886445;45,92;51,40119;19,56446;3,976277;0,20324;0,19368;0,148086;0,017007;4;36,5;0,040628;257,891;0,034;0,072432;SCARTA;ROE al 14.8%, sotto la soglia;2026-10-05;yahoo;https://www.tradingview.com/symbols/SIX-SLHN/;
Swiss Re;SREN.SW;Svizzera;Riassicurazione;FIN;CHF;141,4;41701,6;44741,325666;151,706972;13,03;13,07584;10,85188;2,05032;0,188937;0,20356;0,122565;0,059278;4;6,25;0,044201;37,837;-0,052;0,104665;SCARTA;ROE al 12.3%, sotto la soglia;2026-10-05;yahoo;https://www.tradingview.com/symbols/SIX-SREN/;
Swisscom;SCMN.SW;Svizzera;Telecomunicazioni;IND;CHF;641;33205;35625,388923;687,723966;25,38;31,29135;25,256107;2,882881;0,114146;0,11364;0,130359;0,017119;4;26;0,040562;143,288;-0,02;0,087321;SCARTA;ROE al 11.4%, sotto la soglia;2026-10-05;yahoo;https://www.tradingview.com/symbols/SIX-SCMN/;
Symrise;SY1.DE;Germania;Aromi e fragranze;MAT;EUR;90,78;12453,2;12453,2;90,78;1,77;4,3862;51,288136;3,335293;0,06503;0,06708;0,08994;0,019833;4;1,25;0,01377;60,613;-0,006;0,049922;SCARTA;ROE al 6.7%, sotto la soglia;2026-10-05;yahoo;https://www.tradingview.com/symbols/XETR-SY1/;
Synopsys;SNPS;USA;Software EDA;TEC;USD;483,4;92637,2;82669,432393;431,386134;5,66;18,58301;85,40636;2,973177;0,034812;0,03661;0,169338;0,075464;4;;;34,804;0,424;0,152613;SCARTA;ROE al 3.7%, sotto la soglia;2026-10-05;yahoo;https://www.tradingview.com/symbols/SNPS/;
TJX Companies;TJX;USA;Abbigliamento / Retail;CON;USD;134,19;148240,3;132289,635899;119,751149;5,4;5,77352;24,85;13,87407;0,558313;0,62171;0,570262;0,028635;4;1,92;0,014308;134,419;0,054;0,100494;SCARTA;P/E troppo alto (24.8);2026-10-05;yahoo;https://www.tradingview.com/symbols/TJX/;
Target;TGT;USA;Grande distribuzione;CON;USD;153,035;69522,5;62041,875332;136,568426;9,63;9,54803;15,891485;3,896301;0,245182;0,26408;0,26593;0,03014;4;4,64;0,03032;107,583;0,053;0,041916;PASSA;ROE solido, P/E 15.9 nella fascia accettabile;2026-10-05;yahoo;https://www.tradingview.com/symbols/TGT/;
Telecom Italia ord.;TIT.MI;Italia;Telecomunicazioni;IND;EUR;6,26;13354,2;13354,2;6,26;0,21;0,28418;29,809524;1,155195;0,038753;0,03897;-0,08163;0,0797;4;;;104,611;0,064;0,020679;SCARTA;ROE al -8.2%, sotto la soglia;2026-10-05;yahoo;https://www.tradingview.com/symbols/MIL-TIT/;
Teleperformance;TEP.PA;Francia;Servizi esternalizzati;IND;EUR;68,66;3991,5;3991,5;68,66;7,91;14,20672;8,680152;0,951932;0,109668;0,11395;0,137914;0,023488;4;4,5;0,06554;120,367;-0,046;0,045448;SCARTA;ROE al 11.4%, sotto la soglia;2026-10-05;yahoo;https://www.tradingview.com/symbols/EURONEXT-TEP/;
Tenaris;TEN.MI;Italia;Oil service;ENE;EUR;26,04;26291;26291;26,04;1,61;1,881894;16,173913;1,744576;0,107864;0,11584;0,163851;0,04759;4;0,77;0,02957;2,596;-0,039;0,159617;SCARTA;ROE al 11.6%, sotto la soglia;2026-10-05;yahoo;https://www.tradingview.com/symbols/MIL-TEN/;Bilancio in USD
Terna;TRN.MI;Italia;Utility / Reti;UTI;EUR;9,09;18237,8;18237,8;9,09;0,51;0,56113;17,823529;3,066802;0,172065;0,13828;0,147317;0,012306;4;0,4;0,044004;172,37;0,123;0,291855;SCARTA;ROE al 13.8%, sotto la soglia;2026-10-05;yahoo;https://www.tradingview.com/symbols/MIL-TRN/;
Tesla;TSLA;USA;Auto elettriche;CON;USD;378,25;1493916,3;1333170,827303;337,55028;1,08;2,14474;350,231481;17,19709;0,049102;0,04667;0,166231;0,097133;4;;;18,373;0,255;0,040136;SCARTA;ROE al 4.7%, sotto la soglia;2026-10-05;yahoo;https://www.tradingview.com/symbols/TSLA/;
Texas Instruments;TXN;USA;Semiconduttori;TEC;USD;292,45;267079,3;238341,553229;260,982365;6,57;10,64485;44,512938;14,827867;0,333114;0,35176;0,394175;0,124723;4;6,08;0,02079;78,036;0,228;0,34029;SCARTA;P/E troppo alto (44.5);2026-10-05;yahoo;https://www.tradingview.com/symbols/TXN/;
Thales;HO.PA;Francia;Difesa / Elettronica;IND;EUR;226,8;46643,2;46643,2;226,8;7,26;12,39795;31,239669;5,819861;0,186297;0,19353;0,176268;0,024534;4;3,9;0,017196;69,537;0,067;0,067572;SCARTA;P/E troppo alto (31.2);2026-10-05;yahoo;https://www.tradingview.com/symbols/EURONEXT-HO/;
Thermo Fisher;TMO;USA;Strumentazione life science;SAL;USD;666,45;246418,1;219903,499439;594,739945;18,58;27,54825;35,869214;4,677728;0,130411;0,13515;0,134899;0,013397;4;1,88;0,002821;80,575;0,105;0,156362;SCARTA;ROE al 13.5%, sotto la soglia;2026-10-05;yahoo;https://www.tradingview.com/symbols/TMO/;
TotalEnergies;TTE.PA;Francia;Petrolio integrato;ENE;EUR;75,8;167326,6;167326,6;75,8;6,85;9,536976;11,065693;1,477846;0,133552;0,1448;0,153711;0,030512;4;3,6;0,047493;48,045;0,278;0,097821;SCARTA;ROE al 14.5%, sotto la soglia;2026-10-05;yahoo;https://www.tradingview.com/symbols/EURONEXT-TTE/;
Travelers;TRV;USA;Assicurazione;FIN;USD;361,185;75334,2;67228,236105;322,321475;37,23;30,32642;9,70145;2,27478;0,234478;0,26511;0,155601;0,030261;4;5;0,013843;27,378;0,003;0,168817;PASSA FORTE;ROE 26.5% / 15.6% con P/E 9.7;2026-10-05;yahoo;https://www.tradingview.com/symbols/TRV/;
UBS Group;UBSG.SW;Svizzera;Banca;FIN;CHF;40,03;122561,5;131495,290003;42,947879;2,36;3,53454;16,961864;1,642657;0,096844;0,10672;0,149904;0,10154;4;0,86;0,021484;;0,146;0,20129;SCARTA;ROE al 10.7%, sotto la soglia;2026-10-05;yahoo;https://www.tradingview.com/symbols/SIX-UBSG/;
Uber Technologies;UBER;USA;Piattaforme;TEC;USD;69,4349;141825;126564,622517;61,963701;4,56;4,42121;15,226952;5,185578;0,340553;0,3716;-0,062166;0,691168;4;;;51,872;0,122;0,184151;SCARTA;ROE al -6.2%, sotto la soglia;2026-10-05;yahoo;https://www.tradingview.com/symbols/UBER/;
UniCredit;UCG.MI;Italia;Banca;FIN;EUR;79,8;120334,7;120334,7;79,8;6,98;8,40887;11,432665;1,697836;0,148507;0,15779;0,141793;0,023444;4;3,15;0,039474;;-0,092;0,428492;SCARTA;ROE al 14.2%, sotto la soglia;2026-10-05;yahoo;https://www.tradingview.com/symbols/MIL-UCG/;
Unibail-Rodamco-Westfield;URW.PA;Francia;REIT / Centri commerciali;IMM;EUR;88,58;12801,8;12801,8;88,58;10,8;9,4033;8,201852;0,7795;0,095039;0,08626;-0,001368;0,059673;4;4,5;0,050802;108,102;-0,004;0,516479;SCARTA;ROE al -0.1%, sotto la soglia;2026-10-05;yahoo;https://www.tradingview.com/symbols/EURONEXT-URW/;
Union Pacific;UNP;USA;Ferrovie;IND;USD;277,93;165111,4;147345,404649;248,024717;12,34;14,19446;22,52269;7,985117;0,354537;0,39696;0,448177;0,075215;4;5,68;0,020437;150,772;0,115;0,299062;SCARTA;P/E troppo alto (22.5);2026-10-05;yahoo;https://www.tradingview.com/symbols/UNP/;
Unipol;UNI.MI;Italia;Assicurazione;FIN;EUR;26,82;19235,5;19235,5;26,82;2,39;2,26656;11,221757;1,915167;0,170666;0,16938;0,118138;0,026188;4;1,12;0,04176;40,819;0,232;0,125428;SCARTA;ROE al 11.8%, sotto la soglia;2026-10-05;yahoo;https://www.tradingview.com/symbols/MIL-UNI/;
United Parcel Service;UPS;USA;Logistica;IND;USD;93,11;79216,3;70692,621941;83,091359;5,38;8,06361;17,306691;5,258966;0,303869;0,29602;0,415122;0,098871;4;6,56;0,070454;189,9;0,076;0,051545;PASSA;ROE solido, P/E 17.3 nella fascia accettabile;2026-10-05;yahoo;https://www.tradingview.com/symbols/UPS/;
United Rentals;URI;USA;Noleggio attrezzature;IND;USD;1085,9;67589,1;60316,509274;969,057103;41,59;57,31793;26,109642;7,338749;0,281074;0,28895;0,293246;0,008747;4;7,88;0,007257;166,793;0,118;0,163861;SCARTA;P/E troppo alto (26.1);2026-10-05;yahoo;https://www.tradingview.com/symbols/URI/;
UnitedHealth Group;UNH;USA;Assicurazione sanitaria;SAL;USD;371,445;333407,1;297532,47845;331,477498;15,55;22,61019;23,887138;3,414613;0,142948;0,14153;0,198609;0,057688;4;9,28;0,024984;69,211;0,004;0,031553;SCARTA;ROE al 14.2%, sotto la soglia;2026-10-05;yahoo;https://www.tradingview.com/symbols/UNH/;
Universal Music Group;UMG.AS;Paesi Bassi;Musica / Media;CON;EUR;14,165;25471,7;25471,7;14,165;0,18;1,08965;78,694444;7,0825;0,09;0,07668;0,389002;0,055463;4;0,52;0,03671;152,303;0,053;0,025826;SCARTA;ROE al 7.7%, sotto la soglia;2026-10-05;yahoo;https://www.tradingview.com/symbols/EURONEXT-UMG/;
Valero Energy;VLO;USA;Raffinazione;ENE;USD;419,155;120686,2;107700,358513;374,0539;23,99;40,19265;17,472072;4,827306;0,276287;0,27637;0,25915;0,162622;4;4,8;0,011452;40,148;0,517;0,058629;PASSA;ROE solido, P/E 17.5 nella fascia accettabile;2026-10-05;yahoo;https://www.tradingview.com/symbols/VLO/;
Veolia Environnement;VIE.PA;Francia;Servizi ambientali;UTI;EUR;30,46;22603,3;22603,3;30,46;1,72;2,61683;17,709302;2,274322;0,128425;0,13434;0,082917;0,019385;4;1,5;0,049245;250,259;0,007;0,028246;SCARTA;ROE al 8.3%, sotto la soglia;2026-10-05;yahoo;https://www.tradingview.com/symbols/EURONEXT-VIE/;
Vertex Pharmaceuticals;VRTX;USA;Biotecnologie;SAL;USD;504,28;127734,1;113989,904101;450,019445;17,17;20,10614;29,369831;6,309731;0,214837;0,23543;0,155953;0,109587;4;;;9,767;0,125;0,36706;SCARTA;P/E troppo alto (29.4);2026-10-05;yahoo;https://www.tradingview.com/symbols/VRTX/;
Vertiv Holdings;VRT;USA;Infrastrutture data center;IND;USD;254,81;98098,8;87543,363944;227,392431;4,42;9,17851;57,649321;20,617363;0,357634;0,43943;0,205839;0,101667;4;0,25;0,000981;70,166;0,241;0,169308;SCARTA;P/E troppo alto (57.6);2026-10-05;yahoo;https://www.tradingview.com/symbols/VRT/;
Vinci;DG.PA;Francia;Costruzioni / Concessioni;IND;EUR;106,15;58632,8;58632,8;106,15;9,01;10,05592;11,781354;1,922938;0,163219;0,16318;0,163318;0,002837;4;5;0,047103;120,742;0,023;0,067171;PASSA FORTE;ROE 16.3% / 16.3% con P/E 11.8;2026-10-05;yahoo;https://www.tradingview.com/symbols/EURONEXT-DG/;
Visa;V;USA;Pagamenti;FIN;USD;367,805;690500,7;616202,78825;328,229163;11,75;15,0043;31,302553;19,49152;0,622681;0,6119;0,474971;0,043659;4;2,68;0,007286;67,821;0,144;0,55995;SCARTA;P/E troppo alto (31.3);2026-10-05;yahoo;https://www.tradingview.com/symbols/V/;
Vistra;VST;USA;Utility / Generazione;UTI;USD;144,94;48626,8;43394,553755;129,344448;5,93;10,41634;24,441821;16,193138;0,662518;0,42962;0,173402;0,266326;4;0,92;0,006347;373,28;-0,055;0,114274;SCARTA;P/E troppo alto (24.4);2026-10-05;yahoo;https://www.tradingview.com/symbols/VST/;
Volkswagen VZ;VOW3.DE;Germania;Auto;CON;EUR;68,54;34358,8;34358,8;68,54;10,44;21,88454;6,565134;0,195952;0,029847;0,02761;0,072279;0,02322;4;5,26;0,076744;138,745;0,02;0,016284;SCARTA;ROE al 2.8%, sotto la soglia;2026-10-05;yahoo;https://www.tradingview.com/symbols/XETR-VOW3/;
Vonovia;VNA.DE;Germania;Immobiliare residenziale;IMM;EUR;16,9;14338,6;14338,6;16,9;4,39;1,83186;3,849658;0,526119;0,136666;0,14558;-0,041766;0,135186;4;1,25;0,073964;135,1;0,016;0,715122;SCARTA;ROE al -4.2%, sotto la soglia;2026-10-05;yahoo;https://www.tradingview.com/symbols/XETR-VNA/;
Walmart;WMT;USA;Grande distribuzione;CON;USD;104,6299;830107;740787,443005;93,371717;2,76;3,22545;37,909384;8,459043;0,223138;0,22314;0,192645;0,02674;4;0,99;0,009462;71,653;0,059;0,030955;SCARTA;P/E troppo alto (37.9);2026-10-05;yahoo;https://www.tradingview.com/symbols/WMT/;
Walt Disney;DIS;USA;Media / Intrattenimento;CON;USD;102,675;177287,6;158211,444887;91,627165;4,85;7,48553;21,170103;1,614336;0,076255;0,0801;0,054772;0,034793;4;1,5;0,014609;39,404;0,068;0,091078;SCARTA;ROE al 5.5%, sotto la soglia;2026-10-05;yahoo;https://www.tradingview.com/symbols/DIS/;
Waste Management;WM;USA;Servizi ambientali;IND;USD;206,41;82505,2;73627,636127;184,200273;7,06;9,10852;29,236544;8,317953;0,284505;0,29841;0,316092;0,026131;4;3,78;0,018313;235,301;0,04;0,113196;SCARTA;P/E troppo alto (29.2);2026-10-05;yahoo;https://www.tradingview.com/symbols/WM/;
Webuild;WBD.MI;Italia;Costruzioni;IND;EUR;1,95;1928,2;1928,2;1,95;0,25;0,35671;7,8;1,097973;0,140766;0,11915;0,086239;0,050993;4;0,08;0,041026;175,257;-0,034;0,019233;SCARTA;ROE al 8.6%, sotto la soglia;2026-10-05;yahoo;https://www.tradingview.com/symbols/MIL-WBD/;
Wells Fargo;WFC;USA;Banca;FIN;USD;81,62;246818,8;220261,084098;72,837684;6,88;7,96592;11,863372;1,534384;0,129338;0,12575;0,101717;0,015799;4;2;0,024504;;0,095;0,258247;SCARTA;ROE al 10.2%, sotto la soglia;2026-10-05;yahoo;https://www.tradingview.com/symbols/WFC/;
Williams Companies;WMB;USA;Gasdotti;ENE;USD;71,52;87480,9;78067,950545;63,824444;2,51;2,64558;28,494024;6,649312;0,233358;0,21503;0,204518;0,031709;4;2,1;0,029362;200,371;0,078;0,256904;SCARTA;P/E troppo alto (28.5);2026-10-05;yahoo;https://www.tradingview.com/symbols/WMB/;
Wolters Kluwer;WKL.AS;Paesi Bassi;Informazione professionale;TEC;EUR;68,32;15196,9;15196,9;68,32;5,85;6,18056;11,678632;16,224174;1,389219;1,46141;0,839456;0,470315;4;2,6;0,038056;590,213;-0,006;0,217959;PASSA FORTE;ROE 146.1% / 83.9% con P/E 11.7;2026-10-05;yahoo;https://www.tradingview.com/symbols/EURONEXT-WKL/;
Worldline;WLN.PA;Francia;Pagamenti;TEC;EUR;10,42;589,3;589,3;10,42;-37,13;3,40966;;0,158106;;-0,21247;-0,421344;0,67388;4;;;66,775;-0,037;-0,245267;DA COMPLETARE;manca il P/E (EPS assente o negativo);2026-10-05;yahoo;https://www.tradingview.com/symbols/EURONEXT-WLN/;
Xcel Energy;XEL;USA;Utility;UTI;USD;71,835;44870,6;40042,521073;64,10555;3,65;4,53767;19,680822;1,864488;0,094736;0,0992;0,097322;0,007073;4;2,37;0,032992;173,135;-0,051;0,152226;SCARTA;ROE al 9.7%, sotto la soglia;2026-10-05;yahoo;https://www.tradingview.com/symbols/XEL/;
Zalando;ZAL.DE;Germania;E-commerce;CON;EUR;22,22;5426,6;5426,6;22,22;0,37;1,85536;60,054054;2,156444;0,035908;0,0345;0,053236;0,033967;4;;;53,379;0,208;0,007678;SCARTA;ROE al 3.5%, sotto la soglia;2026-10-05;yahoo;https://www.tradingview.com/symbols/XETR-ZAL/;
Zoetis;ZTS;USA;Salute animale;SAL;USD;70,66;29198,4;26056,65062;63,05698;6,08;6,54458;11,621711;9,013905;0,775609;0,64911;0,568157;0,136665;4;2,12;0,030003;293,996;-0,002;0,278547;PASSA FORTE;ROE 64.9% / 56.8% con P/E 11.6;2026-10-05;yahoo;https://www.tradingview.com/symbols/ZTS/;
Zurich Insurance;ZURN.SW;Svizzera;Assicurazione;FIN;CHF;574;85738;91987,640281;615,840182;39,19;43,01317;14,646594;3,330533;0,227393;0,25695;0,199004;0,035275;4;30;0,052265;46,416;0,113;0,081448;PASSA FORTE;ROE 25.7% / 19.9% con P/E 14.6;2026-10-05;yahoo;https://www.tradingview.com/symbols/SIX-ZURN/;
